Year,Country,in_country_refugees,Origin_refugees
2000,Afghanistan,758653,4778785
2001,Afghanistan,1200006,5166652
2002,Afghanistan,1418521,6013458
2003,Afghanistan,266428,3174558
2004,Afghanistan,186999,3598240
2005,Afghanistan,159597,3192177
2006,Afghanistan,139793,2750538
2007,Afghanistan,161776,3609746
2008,Afghanistan,237170,3374020
2009,Afghanistan,304404,3280950
2010,Afghanistan,1199987,4404457
2011,Afghanistan,1480677,4250315
2012,Afghanistan,1400742,4132670
2013,Afghanistan,945531,3600396
2014,Afghanistan,1307176,3713242
2015,Afghanistan,1705912,4434901
2016,Afghanistan,1971667,5166064
2000,Albania,674,9620
2001,Albania,5202,11604
2002,Albania,85,15756
2003,Albania,122,14920
2004,Albania,92,13806
2005,Albania,92,15301
2006,Albania,93,16368
2007,Albania,99,16982
2008,Albania,93,16828
2009,Albania,91,17303
2010,Albania,99,16166
2011,Albania,106,16367
2012,Albania,7560,24512
2013,Albania,7767,28324
2014,Albania,8032,25370
2015,Albania,8377,52571
2016,Albania,7782,34821
2000,Algeria,169969,10367
2001,Algeria,169531,11171
2002,Algeria,169239,14487
2003,Algeria,169036,13603
2004,Algeria,169054,12022
2005,Algeria,94407,13433
2006,Algeria,95121,9897
2007,Algeria,95734,11972
2008,Algeria,94991,10596
2009,Algeria,94290,9732
2010,Algeria,94448,8405
2011,Algeria,94964,8308
2012,Algeria,95876,8147
2013,Algeria,96894,7966
2014,Algeria,101381,9075
2015,Algeria,101634,11124
2016,Algeria,100957,10814
2000,Angola,271023,705464
2001,Angola,215153,695600
2002,Angola,215180,736745
2003,Angola,14390,474278
2004,Angola,14903,328645
2005,Angola,14914,277950
2006,Angola,14678,255099
2007,Angola,14990,198970
2008,Angola,15895,185186
2009,Angola,33455,158649
2010,Angola,19396,136078
2011,Angola,19391,133414
2012,Angola,43750,136546
2013,Angola,43830,110198
2014,Angola,45686,89743
2015,Angola,45700,54755
2016,Angola,45678,33056
2000,Anguilla,0,0
2001,Anguilla,0,0
2002,Anguilla,0,0
2003,Anguilla,0,0
2004,Anguilla,0,0
2005,Anguilla,0,0
2006,Anguilla,0,0
2007,Anguilla,0,0
2008,Anguilla,0,0
2009,Anguilla,0,0
2010,Anguilla,0,0
2011,Anguilla,0,0
2012,Anguilla,0,0
2013,Anguilla,0,0
2014,Anguilla,0,1
2015,Anguilla,1,1
2016,Anguilla,0,0
2000,Antigua and Barbuda,0,9
2001,Antigua and Barbuda,0,13
2002,Antigua and Barbuda,0,46
2003,Antigua and Barbuda,0,31
2004,Antigua and Barbuda,0,28
2005,Antigua and Barbuda,0,24
2006,Antigua and Barbuda,0,28
2007,Antigua and Barbuda,4,25
2008,Antigua and Barbuda,0,52
2009,Antigua and Barbuda,0,70
2010,Antigua and Barbuda,0,61
2011,Antigua and Barbuda,0,65
2012,Antigua and Barbuda,0,79
2013,Antigua and Barbuda,1,78
2014,Antigua and Barbuda,0,70
2015,Antigua and Barbuda,15,68
2016,Antigua and Barbuda,0,105
2000,Argentina,3671,2172
2001,Argentina,3939,2112
2002,Argentina,4010,2104
2003,Argentina,3864,1919
2004,Argentina,3914,1307
2005,Argentina,3901,1148
2006,Argentina,4045,1073
2007,Argentina,4350,1292
2008,Argentina,3580,1191
2009,Argentina,3986,765
2010,Argentina,4223,647
2011,Argentina,4578,578
2012,Argentina,5409,495
2013,Argentina,4278,472
2014,Argentina,4359,435
2015,Argentina,4293,364
2016,Argentina,7302,319
2000,Armenia,280591,11014
2001,Armenia,264338,13286
2002,Armenia,247553,18918
2003,Armenia,239325,18129
2004,Armenia,235303,17459
2005,Armenia,219620,18317
2006,Armenia,113792,20319
2007,Armenia,4664,19419
2008,Armenia,4125,20105
2009,Armenia,85877,104312
2010,Armenia,85844,103029
2011,Armenia,85892,102093
2012,Armenia,8772,18860
2013,Armenia,13990,17558
2014,Armenia,17917,18809
2015,Armenia,19696,19730
2016,Armenia,18453,23776
2000,Aruba,0,0
2001,Aruba,0,0
2002,Aruba,0,0
2003,Aruba,0,0
2004,Aruba,0,0
2005,Aruba,0,0
2006,Aruba,0,0
2007,Aruba,0,0
2008,Aruba,0,0
2009,Aruba,0,0
2010,Aruba,1,1
2011,Aruba,4,0
2012,Aruba,6,0
2013,Aruba,7,1
2014,Aruba,5,0
2015,Aruba,2,0
2016,Aruba,0,0
2000,Australia,72010,7
2001,Australia,69477,12
2002,Australia,67019,25
2003,Australia,59390,22
2004,Australia,68508,25
2005,Australia,66794,48
2006,Australia,70384,36
2007,Australia,23695,64
2008,Australia,23089,53
2009,Australia,24904,39
2010,Australia,25580,47
2011,Australia,29361,47
2012,Australia,41797,57
2013,Australia,48408,40
2014,Australia,57101,32
2015,Australia,57594,25
2016,Australia,71574,5
2000,Austria,27080,39
2001,Austria,30093,33
2002,Austria,44659,84
2003,Austria,50451,77
2004,Austria,56811,576
2005,Austria,62770,570
2006,Austria,68967,551
2007,Austria,69993,501
2008,Austria,75013,480
2009,Austria,72557,537
2010,Austria,68725,414
2011,Austria,72046,477
2012,Austria,74712,560
2013,Austria,78956,623
2014,Austria,92583,14
2015,Austria,153263,8
2016,Austria,170481,0
2000,Azerbaijan,627790,862040
2001,Azerbaijan,587300,847477
2002,Azerbaijan,588233,842392
2003,Azerbaijan,585195,833494
2004,Azerbaijan,618815,863085
2005,Azerbaijan,584313,818646
2006,Azerbaijan,692023,818053
2007,Azerbaijan,691598,706482
2008,Azerbaijan,607934,623520
2009,Azerbaijan,590298,607501
2010,Azerbaijan,596877,613763
2011,Azerbaijan,602734,619288
2012,Azerbaijan,605526,621651
2013,Azerbaijan,614290,627051
2014,Azerbaijan,628190,637992
2015,Azerbaijan,623373,633160
2016,Azerbaijan,618298,631291
2000,Bahamas,103,11
2001,Bahamas,0,24
2002,Bahamas,0,162
2003,Bahamas,0,19
2004,Bahamas,0,21
2005,Bahamas,0,19
2006,Bahamas,0,33
2007,Bahamas,0,39
2008,Bahamas,0,40
2009,Bahamas,0,47
2010,Bahamas,37,47
2011,Bahamas,42,222
2012,Bahamas,52,234
2013,Bahamas,27,237
2014,Bahamas,105,257
2015,Bahamas,115,297
2016,Bahamas,21,407
2000,Bahrain,3,150
2001,Bahrain,1,75
2002,Bahrain,1,64
2003,Bahrain,1,64
2004,Bahrain,6,74
2005,Bahrain,15,68
2006,Bahrain,18,82
2007,Bahrain,35,91
2008,Bahrain,97,93
2009,Bahrain,151,83
2010,Bahrain,234,113
2011,Bahrain,359,291
2012,Bahrain,339,407
2013,Bahrain,346,373
2014,Bahrain,353,455
2015,Bahrain,371,511
2016,Bahrain,371,522
2000,Bangladesh,22955,8723
2001,Bangladesh,22477,8997
2002,Bangladesh,22808,10636
2003,Bangladesh,23040,13836
2004,Bangladesh,270669,265077
2005,Bangladesh,271250,267471
2006,Bangladesh,326390,311825
2007,Bangladesh,27626,17578
2008,Bangladesh,28392,16810
2009,Bangladesh,228586,12260
2010,Bangladesh,229253,16559
2011,Bangladesh,229673,15308
2012,Bangladesh,230702,18345
2013,Bangladesh,231159,32603
2014,Bangladesh,232485,32977
2015,Bangladesh,231958,42749
2016,Bangladesh,276198,39714
2000,Barbados,0,18
2001,Barbados,0,31
2002,Barbados,0,70
2003,Barbados,0,56
2004,Barbados,0,22
2005,Barbados,0,29
2006,Barbados,0,66
2007,Barbados,0,70
2008,Barbados,0,83
2009,Barbados,0,95
2010,Barbados,0,95
2011,Barbados,0,120
2012,Barbados,1,114
2013,Barbados,1,115
2014,Barbados,1,106
2015,Barbados,0,124
2016,Barbados,0,183
2000,Belarus,160869,3291
2001,Belarus,35505,4830
2002,Belarus,20474,8441
2003,Belarus,17343,9913
2004,Belarus,13737,20106
2005,Belarus,13202,20271
2006,Belarus,12046,19966
2007,Belarus,11112,14202
2008,Belarus,10901,14281
2009,Belarus,8470,14305
2010,Belarus,8389,14213
2011,Belarus,8036,14230
2012,Belarus,7607,14183
2013,Belarus,7404,11989
2014,Belarus,7624,5286
2015,Belarus,7728,5603
2016,Belarus,8023,5727
2000,Belgium,68002,40
2001,Belgium,13279,35
2002,Belgium,33082,51
2003,Belgium,35444,53
2004,Belgium,36698,161
2005,Belgium,34593,354
2006,Belgium,33139,525
2007,Belgium,33308,537
2008,Belgium,31865,637
2009,Belgium,34512,734
2010,Belgium,36876,783
2011,Belgium,42107,791
2012,Belgium,41053,4007
2013,Belgium,39578,2575
2014,Belgium,41718,98
2015,Belgium,77128,101
2016,Belgium,68817,54
2000,Belize,9812,28
2001,Belize,1153,28
2002,Belize,1063,36
2003,Belize,869,37
2004,Belize,763,32
2005,Belize,638,32
2006,Belize,489,33
2007,Belize,360,32
2008,Belize,284,39
2009,Belize,251,36
2010,Belize,166,33
2011,Belize,133,50
2012,Belize,104,47
2013,Belize,84,95
2014,Belize,124,129
2015,Belize,812,206
2016,Belize,4136,203
2000,Benin,4391,206
2001,Benin,5053,238
2002,Benin,5365,463
2003,Benin,6074,542
2004,Benin,6131,524
2005,Benin,32066,683
2006,Benin,14406,375
2007,Benin,10261,440
2008,Benin,7716,505
2009,Benin,7536,608
2010,Benin,7287,677
2011,Benin,7680,735
2012,Benin,5237,899
2013,Benin,542,820
2014,Benin,494,1061
2015,Benin,714,1583
2016,Benin,1018,1621
2000,Bolivia,354,300
2001,Bolivia,358,316
2002,Bolivia,371,709
2003,Bolivia,528,754
2004,Bolivia,546,671
2005,Bolivia,540,622
2006,Bolivia,587,803
2007,Bolivia,794,851
2008,Bolivia,755,615
2009,Bolivia,713,738
2010,Bolivia,739,727
2011,Bolivia,734,764
2012,Bolivia,741,785
2013,Bolivia,754,815
2014,Bolivia,779,871
2015,Bolivia,775,921
2016,Bolivia,761,927
2000,Bosnia and Herzegovina,624881,1103402
2001,Bosnia and Herzegovina,558311,984173
2002,Bosnia and Herzegovina,469774,886338
2003,Bosnia and Herzegovina,393430,682862
2004,Bosnia and Herzegovina,350717,559366
2005,Bosnia and Herzegovina,199518,300893
2006,Bosnia and Herzegovina,151320,342723
2007,Bosnia and Herzegovina,144139,215636
2008,Bosnia and Herzegovina,193963,262186
2009,Bosnia and Herzegovina,182664,246523
2010,Bosnia and Herzegovina,178959,236755
2011,Bosnia and Herzegovina,177653,232868
2012,Bosnia and Herzegovina,177260,227161
2013,Bosnia and Herzegovina,163730,190533
2014,Bosnia and Herzegovina,144107,165787
2015,Bosnia and Herzegovina,157708,176576
2016,Bosnia and Herzegovina,156144,172036
2000,Botswana,3624,8
2001,Botswana,4303,8
2002,Botswana,4803,16
2003,Botswana,3921,23
2004,Botswana,3935,13
2005,Botswana,3748,15
2006,Botswana,3195,43
2007,Botswana,3003,72
2008,Botswana,3214,179
2009,Botswana,3281,227
2010,Botswana,3346,241
2011,Botswana,3648,260
2012,Botswana,3535,255
2013,Botswana,3454,275
2014,Botswana,2916,304
2015,Botswana,2317,376
2016,Botswana,2819,386
2000,Brazil,3265,874
2001,Brazil,3533,1052
2002,Brazil,3743,1588
2003,Brazil,3773,1645
2004,Brazil,3795,1420
2005,Brazil,7746,1054
2006,Brazil,20906,1140
2007,Brazil,21210,1936
2008,Brazil,4382,1773
2009,Brazil,4515,1453
2010,Brazil,5237,1244
2011,Brazil,9153,1246
2012,Brazil,11711,1328
2013,Brazil,22165,1556
2014,Brazil,47946,2182
2015,Brazil,35790,3054
2016,Brazil,67920,4545
2000,British Virgin Islands,0,0
2001,British Virgin Islands,0,0
2002,British Virgin Islands,0,0
2003,British Virgin Islands,0,0
2004,British Virgin Islands,0,0
2005,British Virgin Islands,0,0
2006,British Virgin Islands,0,0
2007,British Virgin Islands,0,0
2008,British Virgin Islands,0,0
2009,British Virgin Islands,6,0
2010,British Virgin Islands,2,0
2011,British Virgin Islands,2,0
2012,British Virgin Islands,2,0
2013,British Virgin Islands,3,0
2014,British Virgin Islands,0,1
2015,British Virgin Islands,0,0
2016,British Virgin Islands,0,0
2000,Brunei Darussalam,0,0
2001,Brunei Darussalam,0,0
2002,Brunei Darussalam,0,2
2003,Brunei Darussalam,0,1
2004,Brunei Darussalam,0,1
2005,Brunei Darussalam,0,49
2006,Brunei Darussalam,0,2
2007,Brunei Darussalam,0,2
2008,Brunei Darussalam,0,1
2009,Brunei Darussalam,0,1
2010,Brunei Darussalam,20992,20994
2011,Brunei Darussalam,20992,20994
2012,Brunei Darussalam,21009,21010
2013,Brunei Darussalam,20524,20525
2014,Brunei Darussalam,20524,2
2015,Brunei Darussalam,20524,5
2016,Brunei Darussalam,20524,0
2000,Bulgaria,2793,3712
2001,Bulgaria,4553,3630
2002,Bulgaria,4803,4587
2003,Bulgaria,4834,3946
2004,Bulgaria,5605,3452
2005,Bulgaria,5218,5471
2006,Bulgaria,5365,4270
2007,Bulgaria,5848,3725
2008,Bulgaria,6208,3340
2009,Bulgaria,6589,3182
2010,Bulgaria,6942,2687
2011,Bulgaria,7072,2507
2012,Bulgaria,3558,2291
2013,Bulgaria,8880,2059
2014,Bulgaria,17895,1841
2015,Bulgaria,26134,1476
2016,Bulgaria,33831,1026
2000,Burkina Faso,1013,380
2001,Burkina Faso,711,341
2002,Burkina Faso,834,1157
2003,Burkina Faso,980,1011
2004,Burkina Faso,1016,689
2005,Burkina Faso,1302,818
2006,Burkina Faso,1273,580
2007,Burkina Faso,1153,822
2008,Burkina Faso,1168,1042
2009,Burkina Faso,1070,1367
2010,Burkina Faso,1074,1650
2011,Burkina Faso,1213,1621
2012,Burkina Faso,40033,1980
2013,Burkina Faso,33791,2529
2014,Burkina Faso,39842,3450
2015,Burkina Faso,35834,4851
2016,Burkina Faso,36138,6500
2000,Burundi,90323,634567
2001,Burundi,97927,647812
2002,Burundi,149765,735289
2003,Burundi,54119,624070
2004,Burundi,71905,584803
2005,Burundi,53569,526722
2006,Burundi,35265,460854
2007,Burundi,32406,422601
2008,Burundi,126503,483626
2009,Burundi,131361,231465
2010,Burundi,200765,254567
2011,Burundi,126314,357535
2012,Burundi,128765,364877
2013,Burundi,132606,331681
2014,Burundi,136846,335068
2015,Burundi,84427,509805
2016,Burundi,203927,741798
2000,Ivory Coast,151217,1460
2001,Ivory Coast,130684,1655
2002,Ivory Coast,168004,125439
2003,Ivory Coast,136385,91589
2004,Ivory Coast,129064,74053
2005,Ivory Coast,115120,62735
2006,Ivory Coast,753970,742081
2007,Ivory Coast,741425,738914
2008,Ivory Coast,734172,737792
2009,Ivory Coast,711209,714476
2010,Ivory Coast,564542,584979
2011,Ivory Coast,620481,902670
2012,Ivory Coast,863432,1026113
2013,Ivory Coast,748768,861688
2014,Ivory Coast,726652,121858
2015,Ivory Coast,1011420,405821
2016,Ivory Coast,695751,84877
2000,Cabo Verde,73,16
2001,Cabo Verde,0,24
2002,Cabo Verde,0,21
2003,Cabo Verde,0,19
2004,Cabo Verde,0,19
2005,Cabo Verde,1,19
2006,Cabo Verde,0,50
2007,Cabo Verde,0,39
2008,Cabo Verde,0,37
2009,Cabo Verde,0,31
2010,Cabo Verde,0,37
2011,Cabo Verde,0,36
2012,Cabo Verde,0,38
2013,Cabo Verde,0,50
2014,Cabo Verde,115,69
2015,Cabo Verde,115,130
2016,Cabo Verde,115,98
2000,Cambodia,201,37158
2001,Cambodia,1101,35066
2002,Cambodia,281,33919
2003,Cambodia,154,31871
2004,Cambodia,711,18626
2005,Cambodia,402,18670
2006,Cambodia,349,18648
2007,Cambodia,481,18128
2008,Cambodia,540,17471
2009,Cambodia,285,17248
2010,Cambodia,180,16451
2011,Cambodia,134,15391
2012,Cambodia,103,14237
2013,Cambodia,84,13981
2014,Cambodia,104,13334
2015,Cambodia,301,13180
2016,Cambodia,226,12781
2000,Cameroon,47600,3560
2001,Cameroon,46859,4892
2002,Cameroon,63596,8074
2003,Cameroon,64416,9568
2004,Cameroon,65397,11369
2005,Cameroon,66252,13961
2006,Cameroon,39287,13771
2007,Cameroon,62436,14502
2008,Cameroon,87699,16803
2009,Cameroon,102326,17024
2010,Cameroon,106724,17065
2011,Cameroon,106274,17664
2012,Cameroon,104192,16791
2013,Cameroon,123492,15670
2014,Cameroon,275925,16292
2015,Cameroon,470903,129278
2016,Cameroon,601937,238451
2000,Canada,157604,33
2001,Canada,175224,17
2002,Canada,183206,71
2003,Canada,174791,85
2004,Canada,168717,76
2005,Canada,167735,158
2006,Canada,175443,140
2007,Canada,213258,590
2008,Canada,227872,162
2009,Canada,230611,110
2010,Canada,216581,95
2011,Canada,207353,117
2012,Canada,196947,134
2013,Canada,182792,135
2014,Canada,165914,168
2015,Canada,155554,427
2016,Canada,121167,125
2000,Cayman Islands,0,0
2001,Cayman Islands,0,0
2002,Cayman Islands,0,1
2003,Cayman Islands,0,1
2004,Cayman Islands,0,1
2005,Cayman Islands,0,1
2006,Cayman Islands,0,1
2007,Cayman Islands,0,0
2008,Cayman Islands,0,0
2009,Cayman Islands,5,0
2010,Cayman Islands,5,1
2011,Cayman Islands,4,3
2012,Cayman Islands,3,1
2013,Cayman Islands,11,6
2014,Cayman Islands,53,6
2015,Cayman Islands,16,6
2016,Cayman Islands,37,6
2000,Central African Rep.,57799,255
2001,Central African Rep.,53528,29059
2002,Central African Rep.,57382,26053
2003,Central African Rep.,48614,41091
2004,Central African Rep.,29802,32725
2005,Central African Rep.,28696,44807
2006,Central African Rep.,174109,220848
2007,Central African Rep.,219387,301458
2008,Central African Rep.,205900,323357
2009,Central African Rep.,225281,357477
2010,Central African Rep.,215324,358999
2011,Central African Rep.,202570,345395
2012,Central African Rep.,104533,255902
2013,Central African Rep.,911706,1154764
2014,Central African Rep.,1064786,1490913
2015,Central African Rep.,483143,998858
2016,Central African Rep.,424182,968627
2000,Chad,18257,60012
2001,Chad,18579,52996
2002,Chad,34613,49838
2003,Chad,146659,55201
2004,Chad,259893,55384
2005,Chad,275480,55960
2006,Chad,408002,152437
2007,Chad,473044,237356
2008,Chad,556945,267222
2009,Chad,530828,250439
2010,Chad,533049,237465
2011,Chad,535023,176857
2012,Chad,518499,170201
2013,Chad,471516,72674
2014,Chad,517802,86935
2015,Chad,523658,100266
2016,Chad,604106,158387
2000,Chile,443,1033
2001,Chile,459,1044
2002,Chile,449,2224
2003,Chile,515,1871
2004,Chile,656,1395
2005,Chile,913,1030
2006,Chile,1479,885
2007,Chile,1894,1101
2008,Chile,2503,1118
2009,Chile,2037,1492
2010,Chile,1895,1344
2011,Chile,2038,1313
2012,Chile,2048,1222
2013,Chile,2164,666
2014,Chile,2346,682
2015,Chile,2913,716
2016,Chile,4899,684
2000,China,294123,128161
2001,China,295328,137204
2002,China,297284,157337
2003,China,299397,153664
2004,China,299426,154447
2005,China,301126,143495
2006,China,301129,157892
2007,China,301170,164632
2008,China,301003,194801
2009,China,301037,198895
2010,China,301108,192348
2011,China,301049,201746
2012,China,301302,208819
2013,China,301427,219944
2014,China,301519,258562
2015,China,301730,270621
2016,China,317885,279856
2000,Hong Kong,1082,23
2001,Hong Kong,1897,29
2002,Hong Kong,1722,24
2003,Hong Kong,2099,30
2004,Hong Kong,2539,20
2005,Hong Kong,3031,17
2006,Hong Kong,4347,29
2007,Hong Kong,2021,38
2008,Hong Kong,1217,63
2009,Hong Kong,877,81
2010,Hong Kong,643,101
2011,Hong Kong,751,22
2012,Hong Kong,954,87
2013,Hong Kong,2000,80
2014,Hong Kong,2420,64
2015,Hong Kong,2450,112
2016,Hong Kong,86,112
2000,Macao,0,7
2001,Macao,0,12
2002,Macao,0,24
2003,Macao,0,18
2004,Macao,0,26
2005,Macao,0,16
2006,Macao,0,13
2007,Macao,0,13
2008,Macao,0,11
2009,Macao,12,9
2010,Macao,10,10
2011,Macao,11,11
2012,Macao,6,2
2013,Macao,6,6
2014,Macao,6,19
2015,Macao,7,29
2016,Macao,0,0
2000,Colombia,525516,539601
2001,Colombia,720238,753570
2002,Colombia,950218,1052657
2003,Colombia,1244391,1331600
2004,Colombia,2000177,2095328
2005,Colombia,2000205,2540118
2006,Colombia,3000235,3561766
2007,Colombia,3000273,3594870
2008,Colombia,3000263,3426209
2009,Colombia,3304302,3758138
2010,Colombia,3672444,4128031
2011,Colombia,3888660,4326881
2012,Colombia,3943817,4356289
2013,Colombia,5368445,5780528
2014,Colombia,6044546,6409190
2015,Colombia,6939420,7287877
2016,Colombia,7411411,7734617
2000,Comoros,12,122
2001,Comoros,13,106
2002,Comoros,3,80
2003,Comoros,0,106
2004,Comoros,0,571
2005,Comoros,1,577
2006,Comoros,1,84
2007,Comoros,0,139
2008,Comoros,0,418
2009,Comoros,0,281
2010,Comoros,0,381
2011,Comoros,0,455
2012,Comoros,0,503
2013,Comoros,0,840
2014,Comoros,0,930
2015,Comoros,0,784
2016,Comoros,0,778
2000,Congo,125480,37465
2001,Congo,123979,29164
2002,Congo,112002,35648
2003,Congo,102517,37714
2004,Congo,72930,36336
2005,Congo,77640,32958
2006,Congo,75207,34487
2007,Congo,65019,25970
2008,Congo,41634,25070
2009,Congo,116459,23834
2010,Congo,138695,23793
2011,Congo,145395,24209
2012,Congo,149349,15009
2013,Congo,117680,15088
2014,Congo,69369,18076
2015,Congo,52427,18972
2016,Congo,71561,32936
2000,Costa Rica,6616,283
2001,Costa Rica,10699,757
2002,Costa Rica,12522,1828
2003,Costa Rica,13585,1562
2004,Costa Rica,10636,489
2005,Costa Rica,11476,311
2006,Costa Rica,16902,359
2007,Costa Rica,17701,427
2008,Costa Rica,18601,420
2009,Costa Rica,19703,423
2010,Costa Rica,19920,428
2011,Costa Rica,20517,371
2012,Costa Rica,21087,352
2013,Costa Rica,21186,924
2014,Costa Rica,23718,544
2015,Costa Rica,8705,597
2016,Costa Rica,7875,494
2000,Croatia,75501,402678
2001,Croatia,59524,336628
2002,Croatia,36349,316029
2003,Croatia,23907,257492
2004,Croatia,16736,235884
2005,Croatia,10867,132183
2006,Croatia,7740,103443
2007,Croatia,5761,106678
2008,Croatia,32833,129433
2009,Croatia,27664,103646
2010,Croatia,25480,91165
2011,Croatia,23944,87128
2012,Croatia,23998,87503
2013,Croatia,19875,71013
2014,Croatia,19593,56316
2015,Croatia,17538,47724
2016,Croatia,18170,41108
2000,Cuba,967,23553
2001,Cuba,1052,22493
2002,Cuba,1008,20734
2003,Cuba,842,18307
2004,Cuba,800,17671
2005,Cuba,738,20684
2006,Cuba,696,34923
2007,Cuba,631,8596
2008,Cuba,536,8820
2009,Cuba,459,9776
2010,Cuba,423,11881
2011,Cuba,386,8787
2012,Cuba,374,8572
2013,Cuba,386,8587
2014,Cuba,291,9470
2015,Cuba,328,9272
2016,Cuba,330,10915
2000,Curacao,0,0
2001,Curacao,0,0
2002,Curacao,0,0
2003,Curacao,0,0
2004,Curacao,0,0
2005,Curacao,0,0
2006,Curacao,0,0
2007,Curacao,0,0
2008,Curacao,0,0
2009,Curacao,0,0
2010,Curacao,9,0
2011,Curacao,12,0
2012,Curacao,40,0
2013,Curacao,61,94
2014,Curacao,78,35
2015,Curacao,78,35
2016,Curacao,104,35
2000,Cyprus,582,18
2001,Cyprus,1943,18
2002,Cyprus,2216,28
2003,Cyprus,5431,13
2004,Cyprus,10559,6
2005,Cyprus,13769,10
2006,Cyprus,13432,6
2007,Cyprus,13087,11
2008,Cyprus,9479,12
2009,Cyprus,7903,13
2010,Cyprus,8790,16
2011,Cyprus,6562,13
2012,Cyprus,6267,14
2013,Cyprus,6534,12
2014,Cyprus,7603,13
2015,Cyprus,15319,11
2016,Cyprus,17471,0
2000,Czech Rep.,6310,989
2001,Czech Rep.,12827,1390
2002,Czech Rep.,9122,7175
2003,Czech Rep.,5270,7056
2004,Czech Rep.,2744,4700
2005,Czech Rep.,2726,3792
2006,Czech Rep.,4765,2316
2007,Czech Rep.,4223,1522
2008,Czech Rep.,3560,2148
2009,Czech Rep.,3590,3166
2010,Czech Rep.,3515,1977
2011,Czech Rep.,3358,1425
2012,Czech Rep.,4882,2333
2013,Czech Rep.,4798,2611
2014,Czech Rep.,5119,1431
2015,Czech Rep.,5807,1413
2016,Czech Rep.,5816,1488
2000,North Korea,0,67
2001,North Korea,0,72
2002,North Korea,0,330
2003,North Korea,0,349
2004,North Korea,0,412
2005,North Korea,0,403
2006,North Korea,0,503
2007,North Korea,0,842
2008,North Korea,0,1097
2009,North Korea,0,1010
2010,North Korea,0,1195
2011,North Korea,0,1601
2012,North Korea,0,2159
2013,North Korea,0,2119
2014,North Korea,0,1522
2015,North Korea,16,1331
2016,North Korea,0,1931
2000,Dem. Rep. of the Congo,371910,408610
2001,Dem. Rep. of the Congo,393903,425008
2002,Dem. Rep. of the Congo,392031,487935
2003,Dem. Rep. of the Congo,338636,508592
2004,Dem. Rep. of the Congo,245990,526956
2005,Dem. Rep. of the Congo,251916,525941
2006,Dem. Rep. of the Congo,1821497,2037662
2007,Dem. Rep. of the Congo,2515749,2784383
2008,Dem. Rep. of the Congo,1636222,1918418
2009,Dem. Rep. of the Congo,2332901,2662810
2010,Dem. Rep. of the Congo,2363859,2718550
2011,Dem. Rep. of the Congo,2699723,3097186
2012,Dem. Rep. of the Congo,3139243,3613559
2013,Dem. Rep. of the Congo,3753776,4192444
2014,Dem. Rep. of the Congo,3610762,4039313
2015,Dem. Rep. of the Congo,2701323,2927949
2016,Dem. Rep. of the Congo,3327637,3495136
2000,Denmark,78345,29
2001,Denmark,79250,4
2002,Denmark,79124,17
2003,Denmark,72373,16
2004,Denmark,66294,16
2005,Denmark,45457,465
2006,Denmark,38104,815
2007,Denmark,28189,812
2008,Denmark,27666,3705
2009,Denmark,25177,3274
2010,Denmark,24523,3229
2011,Denmark,18712,3195
2012,Denmark,17706,3633
2013,Denmark,19383,4281
2014,Denmark,26840,20
2015,Denmark,36863,20
2016,Denmark,47328,0
2000,Djibouti,26503,2059
2001,Djibouti,23810,1092
2002,Djibouti,24285,586
2003,Djibouti,28941,593
2004,Djibouti,26483,535
2005,Djibouti,18143,722
2006,Djibouti,10522,598
2007,Djibouti,8993,680
2008,Djibouti,9661,716
2009,Djibouti,13032,784
2010,Djibouti,15843,798
2011,Djibouti,22248,889
2012,Djibouti,22234,952
2013,Djibouti,23856,1169
2014,Djibouti,24362,1309
2015,Djibouti,22006,1618
2016,Djibouti,25911,2246
2000,Dominican Rep.,535,97
2001,Dominican Rep.,0,172
2002,Dominican Rep.,0,227
2003,Dominican Rep.,0,217
2004,Dominican Rep.,0,246
2005,Dominican Rep.,0,146
2006,Dominican Rep.,0,273
2007,Dominican Rep.,0,493
2008,Dominican Rep.,0,588
2009,Dominican Rep.,0,637
2010,Dominican Rep.,2358,642
2011,Dominican Rep.,2380,603
2012,Dominican Rep.,1525,647
2013,Dominican Rep.,211549,211156
2014,Dominican Rep.,211354,1497
2015,Dominican Rep.,135143,2092
2016,Dominican Rep.,1365,2683
2000,Ecuador,1789,942
2001,Ecuador,4307,1097
2002,Ecuador,5893,1658
2003,Ecuador,8950,1432
2004,Ecuador,10113,1221
2005,Ecuador,262553,1062
2006,Ecuador,267310,1157
2007,Ecuador,292324,1614
2008,Ecuador,135317,1310
2009,Ecuador,167189,1308
2010,Ecuador,171136,1061
2011,Ecuador,145012,1168
2012,Ecuador,138397,1361
2013,Ecuador,134793,3051
2014,Ecuador,133749,7774
2015,Ecuador,133128,11427
2016,Ecuador,127436,14706
2000,Egypt,18038,5113
2001,Egypt,22900,6123
2002,Egypt,92778,8277
2003,Egypt,94230,7760
2004,Egypt,99250,7736
2005,Egypt,100154,8716
2006,Egypt,105407,9386
2007,Egypt,114137,8505
2008,Egypt,114782,8672
2009,Egypt,110395,8693
2010,Egypt,109929,8561
2011,Egypt,116004,10622
2012,Egypt,128672,14214
2013,Egypt,254142,22320
2014,Egypt,261888,27002
2015,Egypt,250780,30162
2016,Egypt,263354,32871
2000,El Salvador,71,185164
2001,El Salvador,74,172139
2002,El Salvador,82,158219
2003,El Salvador,249,134323
2004,El Salvador,236,96269
2005,El Salvador,94,49486
2006,El Salvador,39,35171
2007,El Salvador,44,24637
2008,El Salvador,32,16311
2009,El Salvador,88,14802
2010,El Salvador,56,6531
2011,El Salvador,43,8356
2012,El Salvador,45,9819
2013,El Salvador,49,20906
2014,El Salvador,36,29006
2015,El Salvador,10149,56332
2016,El Salvador,9836,91551
2000,Eritrea,1101999,1530431
2001,Eritrea,3749,368832
2002,Eritrea,3724,363284
2003,Eritrea,4089,158432
2004,Eritrea,4707,181265
2005,Eritrea,6040,184213
2006,Eritrea,6680,198833
2007,Eritrea,7067,220957
2008,Eritrea,4993,201744
2009,Eritrea,4885,223570
2010,Eritrea,4959,236059
2011,Eritrea,4726,266572
2012,Eritrea,3679,305998
2013,Eritrea,3248,337256
2014,Eritrea,2932,416996
2015,Eritrea,2589,469793
2016,Eritrea,2366,523670
2000,Estonia,22,533
2001,Estonia,31,578
2002,Estonia,17,1220
2003,Estonia,15,1214
2004,Estonia,150556,151540
2005,Estonia,136015,136878
2006,Estonia,119217,119957
2007,Estonia,116272,116569
2008,Estonia,110344,110601
2009,Estonia,104856,105101
2010,Estonia,101032,101241
2011,Estonia,97808,98013
2012,Estonia,94305,94720
2013,Estonia,91376,91660
2014,Estonia,88261,372
2015,Estonia,85555,365
2016,Estonia,82900,335
2000,Ethiopia,246329,84145
2001,Ethiopia,203234,82108
2002,Ethiopia,162819,70518
2003,Ethiopia,139529,73530
2004,Ethiopia,125579,76281
2005,Ethiopia,105136,81848
2006,Ethiopia,103251,90738
2007,Ethiopia,108365,89368
2008,Ethiopia,95619,95553
2009,Ethiopia,125367,111645
2010,Ethiopia,155370,117736
2011,Ethiopia,290460,109473
2012,Ethiopia,378732,121687
2013,Ethiopia,440357,129729
2014,Ethiopia,664774,149191
2015,Ethiopia,739151,162777
2016,Ethiopia,794094,162601
2000,Fiji,0,2062
2001,Fiji,0,2649
2002,Fiji,0,2576
2003,Fiji,0,2109
2004,Fiji,0,1803
2005,Fiji,0,1752
2006,Fiji,2,1941
2007,Fiji,1,2021
2008,Fiji,6,2069
2009,Fiji,6,2252
2010,Fiji,7,2151
2011,Fiji,8,1839
2012,Fiji,13,1585
2013,Fiji,14,1572
2014,Fiji,24,1691
2015,Fiji,20,1313
2016,Fiji,7,1301
2000,Finland,14853,10
2001,Finland,12762,10
2002,Finland,12663,17
2003,Finland,11002,12
2004,Finland,11401,6
2005,Finland,12658,737
2006,Finland,13084,76
2007,Finland,7003,72
2008,Finland,10766,1401
2009,Finland,13651,2415
2010,Finland,13954,3133
2011,Finland,15209,3625
2012,Finland,13903,2030
2013,Finland,14906,2134
2014,Finland,15882,8
2015,Finland,39516,10
2016,Finland,26513,0
2000,France,133039,126
2001,France,166161,105
2002,France,166976,171
2003,France,153852,182
2004,France,199981,877
2005,France,179541,1177
2006,France,184124,1028
2007,France,185124,1102
2008,France,203830,1165
2009,France,238084,1243
2010,France,250434,1267
2011,France,260641,1333
2012,France,268966,1359
2013,France,285468,1401
2014,France,309519,140
2015,France,337616,178
2016,France,368596,146
2000,Gabon,21024,49
2001,Gabon,19504,78
2002,Gabon,19443,87
2003,Gabon,20182,74
2004,Gabon,19375,80
2005,Gabon,13679,138
2006,Gabon,12640,135
2007,Gabon,13217,141
2008,Gabon,13317,162
2009,Gabon,13188,192
2010,Gabon,13231,206
2011,Gabon,13501,224
2012,Gabon,4421,249
2013,Gabon,4036,282
2014,Gabon,2907,313
2015,Gabon,2915,415
2016,Gabon,2792,567
2000,Gambia,12240,1035
2001,Gambia,10357,1045
2002,Gambia,12120,1152
2003,Gambia,7610,1092
2004,Gambia,8302,1134
2005,Gambia,7974,2345
2006,Gambia,14409,2278
2007,Gambia,14963,2266
2008,Gambia,15096,2489
2009,Gambia,12523,3138
2010,Gambia,8483,3299
2011,Gambia,9558,3780
2012,Gambia,10185,4850
2013,Gambia,9807,7222
2014,Gambia,11609,15772
2015,Gambia,7854,21321
2016,Gambia,7942,30438
2000,Georgia,280105,297962
2001,Georgia,272154,287101
2002,Georgia,265809,284414
2003,Georgia,264488,279128
2004,Georgia,240077,249850
2005,Georgia,238602,249098
2006,Georgia,309789,324047
2007,Georgia,275618,290409
2008,Georgia,435264,451898
2009,Georgia,360501,379369
2010,Georgia,362230,379380
2011,Georgia,276088,288631
2012,Georgia,281870,294778
2013,Georgia,259574,276737
2014,Georgia,265588,277717
2015,Georgia,271755,284164
2016,Georgia,276737,290395
2000,Germany,1045611,1238
2001,Germany,999241,1087
2002,Germany,1151473,1001
2003,Germany,1093944,788
2004,Germany,976665,10760
2005,Germany,783980,9617
2006,Germany,671372,10210
2007,Germany,622261,9287
2008,Germany,648079,9591
2009,Germany,659659,8483
2010,Germany,670638,8120
2011,Germany,659820,8250
2012,Germany,682000,5891
2013,Germany,335562,11965
2014,Germany,455440,268
2015,Germany,749487,256
2016,Germany,1268708,180
2000,Ghana,13164,15761
2001,Ghana,14189,15702
2002,Ghana,42318,16844
2003,Ghana,48112,17550
2004,Ghana,50019,16443
2005,Ghana,60245,20785
2006,Ghana,60889,11116
2007,Ghana,51375,6717
2008,Ghana,31802,15258
2009,Ghana,15108,16241
2010,Ghana,14761,22227
2011,Ghana,26699,22875
2012,Ghana,23488,27790
2013,Ghana,20611,26072
2014,Ghana,21126,29850
2015,Ghana,19307,33705
2016,Ghana,13259,27019
2000,Greece,9032,153
2001,Greece,13197,148
2002,Greece,4593,340
2003,Greece,10027,314
2004,Greece,12864,257
2005,Greece,14257,374
2006,Greece,18970,222
2007,Greece,30838,212
2008,Greece,40539,341
2009,Greece,50156,343
2010,Greece,57428,348
2011,Greece,45810,298
2012,Greece,38527,330
2013,Greece,73027,375
2014,Greece,42879,169
2015,Greece,51625,181
2016,Greece,86510,174
2000,Grenada,0,115
2001,Grenada,0,230
2002,Grenada,0,448
2003,Grenada,0,337
2004,Grenada,0,223
2005,Grenada,0,255
2006,Grenada,0,245
2007,Grenada,0,363
2008,Grenada,0,378
2009,Grenada,0,423
2010,Grenada,3,409
2011,Grenada,3,370
2012,Grenada,0,364
2013,Grenada,0,372
2014,Grenada,0,376
2015,Grenada,1,322
2016,Grenada,0,163
2000,Guatemala,758,125936
2001,Guatemala,749,116409
2002,Guatemala,745,110002
2003,Guatemala,721,95321
2004,Guatemala,661,63027
2005,Guatemala,394,35229
2006,Guatemala,386,27029
2007,Guatemala,381,21159
2008,Guatemala,135,16187
2009,Guatemala,135,14881
2010,Guatemala,140,6708
2011,Guatemala,157,7198
2012,Guatemala,162,7720
2013,Guatemala,175,15057
2014,Guatemala,277,23290
2015,Guatemala,3851,40738
2016,Guatemala,24195,58741
2000,Guinea,475125,4023
2001,Guinea,257116,5877
2002,Guinea,223367,7244
2003,Guinea,216602,7045
2004,Guinea,180193,7276
2005,Guinea,96978,9100
2006,Guinea,89610,9508
2007,Guinea,35599,10213
2008,Guinea,22594,11517
2009,Guinea,16405,13749
2010,Guinea,14994,14768
2011,Guinea,17273,17827
2012,Guinea,16463,23597
2013,Guinea,9272,26197
2014,Guinea,9052,33194
2015,Guinea,9037,34863
2016,Guinea,5404,41882
2000,Guinea-Bissau,7650,2464
2001,Guinea-Bissau,8177,1668
2002,Guinea-Bissau,7711,1269
2003,Guinea-Bissau,7739,1210
2004,Guinea-Bissau,7707,1222
2005,Guinea-Bissau,7782,1300
2006,Guinea-Bissau,8144,1312
2007,Guinea-Bissau,8230,1290
2008,Guinea-Bissau,8213,1342
2009,Guinea-Bissau,8193,1447
2010,Guinea-Bissau,8014,1478
2011,Guinea-Bissau,7891,1628
2012,Guinea-Bissau,7897,2091
2013,Guinea-Bissau,8644,2435
2014,Guinea-Bissau,8810,3115
2015,Guinea-Bissau,8807,3409
2016,Guinea-Bissau,9278,3490
2000,Guyana,0,239
2001,Guyana,0,417
2002,Guyana,0,1125
2003,Guyana,0,1378
2004,Guyana,0,861
2005,Guyana,0,793
2006,Guyana,0,835
2007,Guyana,0,917
2008,Guyana,0,984
2009,Guyana,0,1052
2010,Guyana,7,920
2011,Guyana,8,877
2012,Guyana,7,879
2013,Guyana,11,940
2014,Guyana,12,845
2015,Guyana,12,738
2016,Guyana,7,555
2000,Haiti,6,27306
2001,Haiti,0,29211
2002,Haiti,0,29905
2003,Haiti,0,25906
2004,Haiti,0,25483
2005,Haiti,0,27061
2006,Haiti,0,31378
2007,Haiti,2,32539
2008,Haiti,3,35737
2009,Haiti,15,36015
2010,Haiti,4,33097
2011,Haiti,6,41131
2012,Haiti,12,46777
2013,Haiti,13,56142
2014,Haiti,5,73129
2015,Haiti,991,50310
2016,Haiti,2302,75031
2000,Honduras,18,6228
2001,Honduras,24,1939
2002,Honduras,34,1922
2003,Honduras,23,1810
2004,Honduras,44,1751
2005,Honduras,72,1762
2006,Honduras,22,2393
2007,Honduras,43,1909
2008,Honduras,25,2059
2009,Honduras,21,2166
2010,Honduras,15,2117
2011,Honduras,17,2814
2012,Honduras,17,3425
2013,Honduras,39,8594
2014,Honduras,42,14307
2015,Honduras,179144,205406
2016,Honduras,178821,224456
2000,Hungary,6779,2480
2001,Hungary,7128,5103
2002,Hungary,7310,6642
2003,Hungary,7857,4405
2004,Hungary,8084,3348
2005,Hungary,8922,3825
2006,Hungary,8768,3371
2007,Hungary,9967,3725
2008,Hungary,10532,2149
2009,Hungary,7006,4041
2010,Hungary,5843,5058
2011,Hungary,5555,7339
2012,Hungary,4551,4932
2013,Hungary,4439,3296
2014,Hungary,18675,1611
2015,Hungary,41218,2152
2016,Hungary,8202,4560
2000,Iceland,261,6
2001,Iceland,231,0
2002,Iceland,230,13
2003,Iceland,252,15
2004,Iceland,258,16
2005,Iceland,375,62
2006,Iceland,298,34
2007,Iceland,85,8
2008,Iceland,213,123
2009,Iceland,219,138
2010,Iceland,235,119
2011,Iceland,245,110
2012,Iceland,297,124
2013,Iceland,477,124
2014,Iceland,428,5
2015,Iceland,471,3
2016,Iceland,385,0
2000,India,171052,21215
2001,India,169802,21326
2002,India,170913,25406
2003,India,170013,25180
2004,India,173029,25065
2005,India,142378,28480
2006,India,159492,24567
2007,India,165971,27547
2008,India,190070,26445
2009,India,192263,24236
2010,India,193676,22060
2011,India,191041,20985
2012,India,190771,21368
2013,India,193095,23934
2014,India,205720,28093
2015,India,208821,35140
2016,India,208185,35248
2000,Indonesia,170807,13576
2001,Indonesia,92543,13572
2002,Indonesia,60715,15228
2003,Indonesia,16998,39937
2004,Indonesia,17076,49875
2005,Indonesia,410,39241
2006,Indonesia,578,38001
2007,Indonesia,560,22911
2008,Indonesia,753,21571
2009,Indonesia,2582,20536
2010,Indonesia,2894,17348
2011,Indonesia,4245,16460
2012,Indonesia,7949,16061
2013,Indonesia,10316,15916
2014,Indonesia,12146,16183
2015,Indonesia,14180,16611
2016,Indonesia,14385,16605
2000,Iran (Islamic Rep. of),2099434,108973
2001,Iran (Islamic Rep. of),1887727,106641
2002,Iran (Islamic Rep. of),1683992,152744
2003,Iran (Islamic Rep. of),1304812,137747
2004,Iran (Islamic Rep. of),1692219,125403
2005,Iran (Islamic Rep. of),1319356,112391
2006,Iran (Islamic Rep. of),1213037,116298
2007,Iran (Islamic Rep. of),972434,78774
2008,Iran (Islamic Rep. of),988962,80316
2009,Iran (Islamic Rep. of),1083994,86526
2010,Iran (Islamic Rep. of),1085309,84878
2011,Iran (Islamic Rep. of),923779,90826
2012,Iran (Islamic Rep. of),890149,100002
2013,Iran (Islamic Rep. of),869683,103899
2014,Iran (Islamic Rep. of),986862,118066
2015,Iran (Islamic Rep. of),983631,142057
2016,Iran (Islamic Rep. of),981952,181769
2000,Iraq,129056,583546
2001,Iraq,128576,580327
2002,Iraq,135802,466422
2003,Iraq,50993,474100
2004,Iraq,48269,552595
2005,Iraq,1578229,1895170
2006,Iraq,2161064,3629164
2007,Iraq,2596825,4934243
2008,Iraq,3114803,5021295
2009,Iraq,1988787,3798211
2010,Iraq,1796331,3481069
2011,Iraq,1685377,3172172
2012,Iraq,1574349,2322658
2013,Iraq,1389687,1641981
2014,Iraq,4015955,4105397
2015,Iraq,4740388,4915826
2016,Iraq,5325971,5611517
2000,Ireland,15568,7
2001,Ireland,14445,10
2002,Ireland,12378,12
2003,Ireland,13377,16
2004,Ireland,10242,12
2005,Ireland,9531,25
2006,Ireland,11346,8
2007,Ireland,13735,14
2008,Ireland,14344,10
2009,Ireland,12329,12
2010,Ireland,14237,15
2011,Ireland,13687,18
2012,Ireland,11871,99
2013,Ireland,11581,119
2014,Ireland,10578,97
2015,Ireland,11280,51
2016,Ireland,10000,38
2000,Israel,6063,776
2001,Israel,4731,976
2002,Israel,4921,1588
2003,Israel,4883,1575
2004,Israel,574,1442
2005,Israel,1548,1258
2006,Israel,1765,1827
2007,Israel,6918,2489
2008,Israel,14870,2531
2009,Israel,21880,2372
2010,Israel,31055,2109
2011,Israel,47805,1860
2012,Israel,54544,1772
2013,Israel,52975,1354
2014,Israel,45284,1268
2015,Israel,44665,1193
2016,Israel,44628,991
2000,Italy,7293,84
2001,Italy,8631,65
2002,Italy,10211,259
2003,Italy,12890,239
2004,Italy,16600,1105
2005,Italy,21615,1126
2006,Italy,27803,1008
2007,Italy,40473,990
2008,Italy,47795,818
2009,Italy,60133,872
2010,Italy,61331,958
2011,Italy,72763,1275
2012,Italy,79654,600
2013,Italy,90267,495
2014,Italy,140629,179
2015,Italy,179182,217
2016,Italy,247879,176
2000,Jamaica,39,212
2001,Jamaica,0,322
2002,Jamaica,0,627
2003,Jamaica,0,671
2004,Jamaica,0,638
2005,Jamaica,0,779
2006,Jamaica,0,933
2007,Jamaica,0,1010
2008,Jamaica,0,1230
2009,Jamaica,33,1491
2010,Jamaica,21,1619
2011,Jamaica,20,1839
2012,Jamaica,20,1912
2013,Jamaica,22,2142
2014,Jamaica,22,2302
2015,Jamaica,17,2705
2016,Jamaica,16,3115
2000,Japan,4034,18
2001,Japan,3529,30
2002,Japan,2973,46
2003,Japan,2711,43
2004,Japan,2465,92
2005,Japan,4244,1834
2006,Japan,4888,2025
2007,Japan,5026,2260
2008,Japan,5882,1790
2009,Japan,6792,1707
2010,Japan,7030,1557
2011,Japan,7581,1452
2012,Japan,8392,1318
2013,Japan,10178,1062
2014,Japan,12491,326
2015,Japan,16913,213
2016,Japan,21939,121
2000,Jordan,8987,1512
2001,Jordan,6376,1341
2002,Jordan,4991,2020
2003,Jordan,7945,1891
2004,Jordan,13802,1892
2005,Jordan,17864,2468
2006,Jordan,519661,2386
2007,Jordan,500657,2540
2008,Jordan,502468,2650
2009,Jordan,453830,2901
2010,Jordan,453181,2876
2011,Jordan,460559,2786
2012,Jordan,308463,3003
2013,Jordan,648022,2650
2014,Jordan,673681,3155
2015,Jordan,689339,3783
2016,Jordan,720748,4424
2000,Kazakhstan,180957,3285
2001,Kazakhstan,120420,3679
2002,Kazakhstan,104456,7247
2003,Kazakhstan,34499,7453
2004,Kazakhstan,74171,65073
2005,Kazakhstan,57928,55500
2006,Kazakhstan,50222,53734
2007,Kazakhstan,12231,13640
2008,Kazakhstan,12080,13013
2009,Kazakhstan,12122,11997
2010,Kazakhstan,12689,12344
2011,Kazakhstan,11713,11585
2012,Kazakhstan,11273,11426
2013,Kazakhstan,11279,10211
2014,Kazakhstan,10088,3478
2015,Kazakhstan,8719,3836
2016,Kazakhstan,9231,4537
2000,Kenya,216025,8109
2001,Kenya,254349,3281
2002,Kenya,236559,13276
2003,Kenya,242366,14141
2004,Kenya,249486,15067
2005,Kenya,268212,16084
2006,Kenya,393326,106447
2007,Kenya,390689,109277
2008,Kenya,1189249,862617
2009,Kenya,882554,517052
2010,Kenya,750954,330595
2011,Kenya,921885,330417
2012,Kenya,1038894,442499
2013,Kenya,636056,30796
2014,Kenya,606163,11535
2015,Kenya,619728,12434
2016,Kenya,548620,11045
2000,Kuwait,140832,793
2001,Kuwait,139335,845
2002,Kuwait,139706,827
2003,Kuwait,102707,725
2004,Kuwait,102676,80493
2005,Kuwait,102726,80454
2006,Kuwait,109661,88828
2007,Kuwait,129860,91855
2008,Kuwait,132886,92922
2009,Kuwait,96206,94005
2010,Kuwait,96459,94085
2011,Kuwait,94453,94285
2012,Kuwait,94598,94337
2013,Kuwait,94780,94167
2014,Kuwait,94695,1254
2015,Kuwait,94670,1537
2016,Kuwait,94733,1651
2000,Kyrgyzstan,17485,6638
2001,Kyrgyzstan,10956,1073
2002,Kyrgyzstan,8558,3487
2003,Kyrgyzstan,6324,3752
2004,Kyrgyzstan,4222,3755
2005,Kyrgyzstan,103100,103493
2006,Kyrgyzstan,12404,13261
2007,Kyrgyzstan,10933,12174
2008,Kyrgyzstan,21101,22867
2009,Kyrgyzstan,25561,27664
2010,Kyrgyzstan,304176,305476
2011,Kyrgyzstan,210806,209030
2012,Kyrgyzstan,192768,192164
2013,Kyrgyzstan,12269,15013
2014,Kyrgyzstan,12822,4360
2015,Kyrgyzstan,9642,4776
2016,Kyrgyzstan,2777,4903
2000,Lao People's Dem. Rep.,1,16307
2001,Lao People's Dem. Rep.,0,13600
2002,Lao People's Dem. Rep.,0,12151
2003,Lao People's Dem. Rep.,0,10849
2004,Lao People's Dem. Rep.,0,16590
2005,Lao People's Dem. Rep.,0,24801
2006,Lao People's Dem. Rep.,0,26739
2007,Lao People's Dem. Rep.,0,10181
2008,Lao People's Dem. Rep.,0,8780
2009,Lao People's Dem. Rep.,0,8592
2010,Lao People's Dem. Rep.,0,8485
2011,Lao People's Dem. Rep.,0,8111
2012,Lao People's Dem. Rep.,0,7992
2013,Lao People's Dem. Rep.,0,7795
2014,Lao People's Dem. Rep.,0,7599
2015,Lao People's Dem. Rep.,0,7528
2016,Lao People's Dem. Rep.,0,7387
2000,Latvia,12,607
2001,Latvia,10,801
2002,Latvia,19,3278
2003,Latvia,17,3377
2004,Latvia,452193,455156
2005,Latvia,418658,421191
2006,Latvia,393036,394539
2007,Latvia,372666,373326
2008,Latvia,365485,366211
2009,Latvia,344358,345140
2010,Latvia,327027,327802
2011,Latvia,312688,313224
2012,Latvia,281056,281528
2013,Latvia,268143,268097
2014,Latvia,263224,276
2015,Latvia,252582,277
2016,Latvia,243182,254
2000,Lebanon,8699,13326
2001,Lebanon,6500,10654
2002,Lebanon,2983,28691
2003,Lebanon,3084,27061
2004,Lebanon,3965,21476
2005,Lebanon,2979,20337
2006,Lebanon,772854,765411
2007,Lebanon,251051,215670
2008,Lebanon,51058,15258
2009,Lebanon,51341,18032
2010,Lebanon,9520,17390
2011,Lebanon,16126,16412
2012,Lebanon,136447,17090
2013,Lebanon,862763,6560
2014,Lebanon,1167288,8187
2015,Lebanon,1088282,10374
2016,Lebanon,1031217,13145
2000,Lesotho,0,5
2001,Lesotho,39,9
2002,Lesotho,0,9
2003,Lesotho,0,10
2004,Lesotho,0,13
2005,Lesotho,0,13
2006,Lesotho,1,13
2007,Lesotho,0,20
2008,Lesotho,0,25
2009,Lesotho,0,14
2010,Lesotho,0,16
2011,Lesotho,37,175
2012,Lesotho,37,298
2013,Lesotho,31,696
2014,Lesotho,45,683
2015,Lesotho,35,1111
2016,Lesotho,36,698
2000,Liberia,200864,437552
2001,Liberia,265891,449637
2002,Liberia,403674,612009
2003,Liberia,600123,912157
2004,Liberia,567851,931548
2005,Liberia,508801,805993
2006,Liberia,254072,511341
2007,Liberia,10563,139439
2008,Liberia,10265,88415
2009,Liberia,9989,75211
2010,Liberia,26626,73349
2011,Liberia,265827,70523
2012,Liberia,139550,54867
2013,Liberia,73569,19850
2014,Liberia,52332,15963
2015,Liberia,50059,12488
2016,Liberia,39542,9208
2000,Libya,11751,1161
2001,Libya,11679,1372
2002,Libya,11714,2385
2003,Libya,12156,2474
2004,Libya,12412,2533
2005,Libya,12401,2344
2006,Libya,4776,2245
2007,Libya,7125,2577
2008,Libya,11596,2849
2009,Libya,12412,2843
2010,Libya,11154,2875
2011,Libya,583545,706910
2012,Libya,251112,245090
2013,Libya,91443,64336
2014,Libya,400179,371241
2015,Libya,471825,447021
2016,Libya,662876,639632
2000,Liechtenstein,70,0
2001,Liechtenstein,328,0
2002,Liechtenstein,265,0
2003,Liechtenstein,245,0
2004,Liechtenstein,217,0
2005,Liechtenstein,210,0
2006,Liechtenstein,310,0
2007,Liechtenstein,297,0
2008,Liechtenstein,103,0
2009,Liechtenstein,144,6
2010,Liechtenstein,142,7
2011,Liechtenstein,153,2
2012,Liechtenstein,124,5
2013,Liechtenstein,116,2
2014,Liechtenstein,173,0
2015,Liechtenstein,249,0
2016,Liechtenstein,204,0
2000,Lithuania,175,299
2001,Lithuania,371,474
2002,Lithuania,619,1729
2003,Lithuania,499,1904
2004,Lithuania,9526,10713
2005,Lithuania,9295,10344
2006,Lithuania,7796,8324
2007,Lithuania,6617,6453
2008,Lithuania,6751,6450
2009,Lithuania,4765,4519
2010,Lithuania,4553,4313
2011,Lithuania,4379,4130
2012,Lithuania,5077,4715
2013,Lithuania,4882,4193
2014,Lithuania,4794,240
2015,Lithuania,4641,216
2016,Lithuania,4605,137
2000,Luxembourg,954,0
2001,Luxembourg,1204,0
2002,Luxembourg,1201,0
2003,Luxembourg,1207,1
2004,Luxembourg,1590,1
2005,Luxembourg,1896,1
2006,Luxembourg,2310,2
2007,Luxembourg,2951,156
2008,Luxembourg,3331,162
2009,Luxembourg,3913,178
2010,Luxembourg,4124,174
2011,Luxembourg,4728,178
2012,Luxembourg,4326,178
2013,Luxembourg,2116,179
2014,Luxembourg,2471,3
2015,Luxembourg,3809,2
2016,Luxembourg,4248,0
2000,Madagascar,51,70
2001,Madagascar,34,51
2002,Madagascar,15,70
2003,Madagascar,0,121
2004,Madagascar,0,153
2005,Madagascar,0,222
2006,Madagascar,0,285
2007,Madagascar,0,289
2008,Madagascar,0,294
2009,Madagascar,0,306
2010,Madagascar,1,292
2011,Madagascar,11,308
2012,Madagascar,11,335
2013,Madagascar,14,470
2014,Madagascar,21,496
2015,Madagascar,22,464
2016,Madagascar,34,303
2000,Malawi,3900,40
2001,Malawi,6210,42
2002,Malawi,13234,199
2003,Malawi,12064,1511
2004,Malawi,7042,3030
2005,Malawi,9620,3950
2006,Malawi,9247,159
2007,Malawi,9726,8287
2008,Malawi,10816,8316
2009,Malawi,10256,176
2010,Malawi,15233,240
2011,Malawi,16919,3190
2012,Malawi,16748,4825
2013,Malawi,17005,4604
2014,Malawi,20446,4258
2015,Malawi,23489,6106
2016,Malawi,36171,4144
2000,Malaysia,50587,325
2001,Malaysia,50724,394
2002,Malaysia,52189,603
2003,Malaysia,78687,567
2004,Malaysia,97538,468
2005,Malaysia,106086,576
2006,Malaysia,107670,715
2007,Malaysia,140825,40732
2008,Malaysia,147312,40747
2009,Malaysia,177734,40682
2010,Malaysia,212870,40681
2011,Malaysia,217761,40680
2012,Malaysia,222011,40706
2013,Malaysia,260663,40768
2014,Malaysia,270714,1425
2015,Malaysia,246331,3272
2016,Malaysia,239406,6575
2000,Mali,9129,4059
2001,Mali,9250,4179
2002,Mali,9814,4348
2003,Mali,10886,4193
2004,Mali,12408,4178
2005,Mali,13066,4373
2006,Mali,12485,4524
2007,Mali,11174,5130
2008,Mali,11494,2508
2009,Mali,15268,3692
2010,Mali,15261,4066
2011,Mali,18121,4699
2012,Mali,242274,379764
2013,Mali,311700,470736
2014,Mali,270654,427336
2015,Mali,131728,283684
2016,Mali,90584,248487
2000,Malta,203,20
2001,Malta,236,10
2002,Malta,334,12
2003,Malta,961,16
2004,Malta,1699,7
2005,Malta,2088,7
2006,Malta,2615,32
2007,Malta,3861,10
2008,Malta,5562,9
2009,Malta,7783,9
2010,Malta,7431,7
2011,Malta,8409,6
2012,Malta,9015,6
2013,Malta,10808,6
2014,Malta,6273,6
2015,Malta,7670,5
2016,Malta,8754,0
2000,Mauritania,29894,31540
2001,Mauritania,29891,32430
2002,Mauritania,29921,33116
2003,Mauritania,30038,33408
2004,Mauritania,30146,33698
2005,Mauritania,30224,33955
2006,Mauritania,30379,35240
2007,Mauritania,30503,34125
2008,Mauritania,27119,53421
2009,Mauritania,26956,52067
2010,Mauritania,26967,39888
2011,Mauritania,26819,41888
2012,Mauritania,81308,43015
2013,Mauritania,97514,38113
2014,Mauritania,80606,41142
2015,Mauritania,78391,42149
2016,Mauritania,77504,43583
2000,Mauritius,0,46
2001,Mauritius,14,56
2002,Mauritius,0,68
2003,Mauritius,0,82
2004,Mauritius,0,36
2005,Mauritius,0,45
2006,Mauritius,0,102
2007,Mauritius,0,95
2008,Mauritius,0,49
2009,Mauritius,0,40
2010,Mauritius,0,71
2011,Mauritius,0,148
2012,Mauritius,0,180
2013,Mauritius,0,206
2014,Mauritius,0,259
2015,Mauritius,0,312
2016,Mauritius,0,299
2000,Mexico,18519,14356
2001,Mexico,15468,24067
2002,Mexico,12987,32543
2003,Mexico,6222,28113
2004,Mexico,4517,20580
2005,Mexico,3390,14927
2006,Mexico,3456,15121
2007,Mexico,1665,20338
2008,Mexico,1073,23605
2009,Mexico,1331,26848
2010,Mexico,1573,16789
2011,Mexico,2313,12816
2012,Mexico,1884,12047
2013,Mexico,3196,21670
2014,Mexico,4722,40020
2015,Mexico,4286,57586
2016,Mexico,8767,74612
2000,Micronesia,0,0
2001,Micronesia,0,0
2002,Micronesia,0,5
2003,Micronesia,0,4
2004,Micronesia,0,3
2005,Micronesia,0,1
2006,Micronesia,2,0
2007,Micronesia,2,0
2008,Micronesia,1,0
2009,Micronesia,1,0
2010,Micronesia,0,0
2011,Micronesia,0,0
2012,Micronesia,0,0
2013,Micronesia,0,0
2014,Micronesia,0,0
2015,Micronesia,14,6
2016,Micronesia,0,0
2000,Monaco,0,1
2001,Monaco,0,0
2002,Monaco,0,2
2003,Monaco,0,2
2004,Monaco,0,1
2005,Monaco,0,3
2006,Monaco,0,5
2007,Monaco,0,0
2008,Monaco,0,0
2009,Monaco,0,1
2010,Monaco,1,2
2011,Monaco,37,4
2012,Monaco,37,4
2013,Monaco,34,4
2014,Monaco,33,9
2015,Monaco,32,5
2016,Monaco,32,0
2000,Mongolia,0,625
2001,Mongolia,0,911
2002,Mongolia,0,1318
2003,Mongolia,0,1024
2004,Mongolia,0,1004
2005,Mongolia,583,1877
2006,Mongolia,588,3301
2007,Mongolia,83,3137
2008,Mongolia,369,3761
2009,Mongolia,387,4153
2010,Mongolia,273,3786
2011,Mongolia,298,3728
2012,Mongolia,233,3282
2013,Mongolia,29,3340
2014,Mongolia,31,4641
2015,Mongolia,21,5734
2016,Mongolia,14,6067
2000,Montenegro,0,0
2001,Montenegro,0,0
2002,Montenegro,0,0
2003,Montenegro,0,0
2004,Montenegro,0,0
2005,Montenegro,0,0
2006,Montenegro,23363,16654
2007,Montenegro,24831,17148
2008,Montenegro,26341,2964
2009,Montenegro,25738,4257
2010,Montenegro,18255,4731
2011,Montenegro,21248,8318
2012,Montenegro,20224,7812
2013,Montenegro,20200,4477
2014,Montenegro,20981,1899
2015,Montenegro,16033,3664
2016,Montenegro,15833,1830
2000,Morocco,2105,574
2001,Morocco,2544,636
2002,Morocco,2244,1568
2003,Morocco,2299,1557
2004,Morocco,376,1585
2005,Morocco,2066,3387
2006,Morocco,1879,5299
2007,Morocco,1457,4505
2008,Morocco,1243,4067
2009,Morocco,1103,2896
2010,Morocco,1072,3130
2011,Morocco,1352,3465
2012,Morocco,2925,4193
2013,Morocco,5011,4198
2014,Morocco,3052,5025
2015,Morocco,5487,7399
2016,Morocco,6666,9410
2000,Mozambique,2485,36
2001,Mozambique,5522,67
2002,Mozambique,7190,189
2003,Mozambique,9540,279
2004,Mozambique,5586,418
2005,Mozambique,6009,475
2006,Mozambique,6880,246
2007,Mozambique,7242,907
2008,Mozambique,8176,890
2009,Mozambique,7739,145
2010,Mozambique,9992,155
2011,Mozambique,13686,517
2012,Mozambique,12606,1030
2013,Mozambique,15119,1492
2014,Mozambique,17861,1469
2015,Mozambique,20447,2260
2016,Mozambique,32764,26615
2000,Myanmar,0,139472
2001,Myanmar,0,147271
2002,Myanmar,0,151297
2003,Myanmar,0,170032
2004,Myanmar,0,172734
2005,Myanmar,236495,442597
2006,Myanmar,728000,957142
2007,Myanmar,790861,1001200
2008,Myanmar,790861,997612
2009,Myanmar,790861,1220120
2010,Myanmar,859403,1297343
2011,Myanmar,1147275,1586013
2012,Myanmar,1238475,1679479
2013,Myanmar,1209383,1737188
2014,Myanmar,1186500,907264
2015,Myanmar,1414356,989220
2016,Myanmar,1302301,922899
2000,Namibia,28407,2323
2001,Namibia,32709,2450
2002,Namibia,23548,2495
2003,Namibia,31298,1483
2004,Namibia,25694,1496
2005,Namibia,9132,1320
2006,Namibia,6643,1257
2007,Namibia,7743,1202
2008,Namibia,8138,1033
2009,Namibia,8665,1000
2010,Namibia,8768,1393
2011,Namibia,7033,2208
2012,Namibia,5708,1681
2013,Namibia,5194,1459
2014,Namibia,4251,1320
2015,Namibia,4558,1408
2016,Namibia,3439,1519
2000,Nauru,0,3
2001,Nauru,0,1
2002,Nauru,0,1
2003,Nauru,0,4
2004,Nauru,0,1
2005,Nauru,0,3
2006,Nauru,0,3
2007,Nauru,0,4
2008,Nauru,0,4
2009,Nauru,0,0
2010,Nauru,0,0
2011,Nauru,0,3
2012,Nauru,379,0
2013,Nauru,534,0
2014,Nauru,1122,0
2015,Nauru,808,1
2016,Nauru,757,0
2000,Nepal,129248,680
2001,Nepal,130957,857
2002,Nepal,132447,1508
2003,Nepal,134606,1958
2004,Nepal,136319,2728
2005,Nepal,538637,404490
2006,Nepal,3640043,3505078
2007,Nepal,1032455,905512
2008,Nepal,925872,806303
2009,Nepal,909915,806927
2010,Nepal,891317,807068
2011,Nepal,874123,808873
2012,Nepal,56734,10133
2013,Nepal,46966,11912
2014,Nepal,39012,15280
2015,Nepal,33068,18032
2016,Nepal,26159,20438
2000,Netherlands,231419,148
2001,Netherlands,230660,91
2002,Netherlands,207044,120
2003,Netherlands,185996,136
2004,Netherlands,155532,163
2005,Netherlands,139725,6701
2006,Netherlands,118516,4540
2007,Netherlands,96933,4525
2008,Netherlands,91988,4665
2009,Netherlands,97802,5109
2010,Netherlands,90109,2138
2011,Netherlands,87956,2110
2012,Netherlands,85056,2110
2013,Netherlands,77137,2045
2014,Netherlands,91394,109
2015,Netherlands,118545,125
2016,Netherlands,114026,70
2000,New Zealand,7279,2
2001,New Zealand,7181,6
2002,New Zealand,7077,8
2003,New Zealand,6835,7
2004,New Zealand,6096,6
2005,New Zealand,5709,9
2006,New Zealand,5137,15
2007,New Zealand,2916,18
2008,New Zealand,2868,18
2009,New Zealand,3522,12
2010,New Zealand,2524,19
2011,New Zealand,2174,28
2012,New Zealand,1793,29
2013,New Zealand,1711,25
2014,New Zealand,1989,33
2015,New Zealand,1615,33
2016,New Zealand,1601,41
2000,Nicaragua,368,18363
2001,Nicaragua,346,17586
2002,Nicaragua,341,13994
2003,Nicaragua,317,10850
2004,Nicaragua,293,8064
2005,Nicaragua,228,5933
2006,Nicaragua,208,4136
2007,Nicaragua,209,2725
2008,Nicaragua,147,2005
2009,Nicaragua,121,1915
2010,Nicaragua,76,1610
2011,Nicaragua,92,1607
2012,Nicaragua,140,1655
2013,Nicaragua,208,2054
2014,Nicaragua,342,2314
2015,Nicaragua,463,2726
2016,Nicaragua,653,3520
2000,Niger,505,747
2001,Niger,529,901
2002,Niger,341,1398
2003,Niger,370,1187
2004,Niger,387,1049
2005,Niger,386,1246
2006,Niger,338,1299
2007,Niger,340,1104
2008,Niger,344,1067
2009,Niger,365,1102
2010,Niger,337,1128
2011,Niger,425,1105
2012,Niger,50621,1197
2013,Niger,98605,36283
2014,Niger,154240,1301
2015,Niger,333271,209511
2016,Niger,304654,138100
2000,Nigeria,7287,9208
2001,Nigeria,7334,10233
2002,Nigeria,7659,32351
2003,Nigeria,10388,39098
2004,Nigeria,10505,37522
2005,Nigeria,12729,43568
2006,Nigeria,10343,21623
2007,Nigeria,9537,23753
2008,Nigeria,11704,24645
2009,Nigeria,10363,25272
2010,Nigeria,10596,27568
2011,Nigeria,10355,27673
2012,Nigeria,4367,32209
2013,Nigeria,2509,52542
2014,Nigeria,1190498,1380219
2015,Nigeria,2174314,2391911
2016,Nigeria,2911110,3204760
2000,Norway,49484,5
2001,Norway,51671,3
2002,Norway,52021,5
2003,Norway,46963,8
2004,Norway,45403,935
2005,Norway,44177,957
2006,Norway,52193,677
2007,Norway,42694,1466
2008,Norway,51579,1793
2009,Norway,57548,2870
2010,Norway,55883,3125
2011,Norway,54960,2785
2012,Norway,54835,2328
2013,Norway,54585,1993
2014,Norway,56474,15
2015,Norway,78412,19
2016,Norway,70187,5
2000,Oman,3,15
2001,Oman,23,10
2002,Oman,25,29
2003,Oman,24,22
2004,Oman,31,26
2005,Oman,11,20
2006,Oman,14,46
2007,Oman,48,47
2008,Oman,54,60
2009,Oman,38,72
2010,Oman,91,71
2011,Oman,346,64
2012,Oman,413,70
2013,Oman,467,31
2014,Oman,414,46
2015,Oman,457,55
2016,Oman,676,34
2000,Pakistan,2078866,17338
2001,Pakistan,2207377,20334
2002,Pakistan,2798849,34544
2003,Pakistan,1513549,41240
2004,Pakistan,1723621,41745
2005,Pakistan,1549243,46371
2006,Pakistan,1190164,32399
2007,Pakistan,2403811,40478
2008,Pakistan,2213896,194471
2009,Pakistan,4795384,3040845
2010,Pakistan,4151024,2198925
2011,Pakistan,2829714,1126390
2012,Pakistan,2539353,887673
2013,Pakistan,2491252,934394
2014,Pakistan,2975772,1832858
2015,Pakistan,3448561,2184604
2016,Pakistan,2892000,1326401
2000,Palau,0,1
2001,Palau,0,0
2002,Palau,0,2
2003,Palau,0,2
2004,Palau,0,2
2005,Palau,0,1
2006,Palau,0,1
2007,Palau,0,2
2008,Palau,0,1
2009,Palau,12,0
2010,Palau,0,0
2011,Palau,2,0
2012,Palau,3,1
2013,Palau,1,7
2014,Palau,1,5
2015,Palau,0,4
2016,Palau,0,0
2000,Panama,1665,376
2001,Panama,1605,111
2002,Panama,1757,152
2003,Panama,1939,239
2004,Panama,1929,109
2005,Panama,12436,106
2006,Panama,15597,96
2007,Panama,17429,145
2008,Panama,17526,148
2009,Panama,17743,146
2010,Panama,17558,156
2011,Panama,18059,137
2012,Panama,17796,140
2013,Panama,18297,135
2014,Panama,18675,119
2015,Panama,20258,125
2016,Panama,21737,109
2000,Papua New Guinea,7066,11
2001,Papua New Guinea,5254,11
2002,Papua New Guinea,5253,24
2003,Papua New Guinea,8227,28
2004,Papua New Guinea,7960,155
2005,Papua New Guinea,10138,44
2006,Papua New Guinea,10185,40
2007,Papua New Guinea,10015,60
2008,Papua New Guinea,10013,65
2009,Papua New Guinea,10017,82
2010,Papua New Guinea,9699,131
2011,Papua New Guinea,9378,177
2012,Papua New Guinea,9573,260
2013,Papua New Guinea,9782,370
2014,Papua New Guinea,9910,505
2015,Papua New Guinea,9955,539
2016,Papua New Guinea,9546,652
2000,Paraguay,23,33
2001,Paraguay,33,28
2002,Paraguay,25,80
2003,Paraguay,32,86
2004,Paraguay,47,84
2005,Paraguay,58,79
2006,Paraguay,61,142
2007,Paraguay,76,147
2008,Paraguay,79,133
2009,Paraguay,93,109
2010,Paraguay,115,110
2011,Paraguay,133,113
2012,Paraguay,143,125
2013,Paraguay,137,125
2014,Paraguay,167,129
2015,Paraguay,214,163
2016,Paraguay,225,171
2000,Peru,696,9391
2001,Peru,746,9266
2002,Peru,832,10030
2003,Peru,900,8365
2004,Peru,998,6883
2005,Peru,1185,6517
2006,Peru,1400,8915
2007,Peru,1546,10808
2008,Peru,1662,9843
2009,Peru,1486,12088
2010,Peru,1411,10611
2011,Peru,1638,5990
2012,Peru,1600,5553
2013,Peru,1669,5472
2014,Peru,1690,5376
2015,Peru,1867,5138
2016,Peru,5928,4870
2000,Philippines,204,47339
2001,Philippines,2178,47311
2002,Philippines,2092,47631
2003,Philippines,1843,59444
2004,Philippines,1981,62736
2005,Philippines,913,62647
2006,Philippines,556,63001
2007,Philippines,302,63624
2008,Philippines,280,63578
2009,Philippines,220,63111
2010,Philippines,139893,221154
2011,Philippines,159716,240786
2012,Philippines,343630,424755
2013,Philippines,335320,416634
2014,Philippines,247917,322991
2015,Philippines,325707,400573
2016,Philippines,348310,426600
2000,Poland,1048,1416
2001,Poland,1311,4071
2002,Poland,4150,17533
2003,Poland,3357,16113
2004,Poland,6039,11255
2005,Poland,6306,20327
2006,Poland,8838,13966
2007,Poland,16068,3181
2008,Poland,18016,3457
2009,Poland,18587,3171
2010,Poland,18444,2683
2011,Poland,19496,2934
2012,Poland,29126,12788
2013,Poland,29414,12534
2014,Poland,29251,1583
2015,Poland,28195,1701
2016,Poland,25905,1700
2000,Portugal,450,99
2001,Portugal,449,162
2002,Portugal,462,613
2003,Portugal,418,456
2004,Portugal,377,261
2005,Portugal,363,201
2006,Portugal,333,72
2007,Portugal,353,75
2008,Portugal,676,344
2009,Portugal,439,110
2010,Portugal,487,125
2011,Portugal,653,128
2012,Portugal,1233,635
2013,Portugal,1357,629
2014,Portugal,1057,65
2015,Portugal,1447,93
2016,Portugal,1948,76
2000,Qatar,35,31
2001,Qatar,79,31
2002,Qatar,69,39
2003,Qatar,96,31
2004,Qatar,6070,6014
2005,Qatar,74,18
2006,Qatar,81,58
2007,Qatar,90,64
2008,Qatar,1250,1274
2009,Qatar,1237,1273
2010,Qatar,1267,1319
2011,Qatar,1329,1302
2012,Qatar,1337,1330
2013,Qatar,1341,1222
2014,Qatar,1421,30
2015,Qatar,1450,34
2016,Qatar,1509,33
2000,South Korea,52,432
2001,South Korea,75,559
2002,South Korea,89,849
2003,South Korea,167,740
2004,South Korea,291,581
2005,South Korea,588,586
2006,South Korea,710,1646
2007,South Korea,1273,1577
2008,South Korea,1697,1851
2009,South Korea,1031,995
2010,South Korea,1249,1004
2011,South Korea,1749,877
2012,South Korea,2214,927
2013,South Korea,3167,938
2014,South Korea,4866,766
2015,South Korea,7102,614
2016,South Korea,8775,509
2000,Rep. of Moldova,8346,11608
2001,Rep. of Moldova,1284,6887
2002,Rep. of Moldova,1269,12652
2003,Rep. of Moldova,284,12127
2004,Rep. of Moldova,285,12560
2005,Rep. of Moldova,1775,14170
2006,Rep. of Moldova,1950,14663
2007,Rep. of Moldova,1898,7490
2008,Rep. of Moldova,1992,8250
2009,Rep. of Moldova,2209,8678
2010,Rep. of Moldova,2261,8864
2011,Rep. of Moldova,2268,8797
2012,Rep. of Moldova,2259,8591
2013,Rep. of Moldova,2366,5114
2014,Rep. of Moldova,2520,3735
2015,Rep. of Moldova,5571,5721
2016,Rep. of Moldova,5222,6366
2000,Romania,1685,9814
2001,Romania,1805,8861
2002,Romania,1897,11144
2003,Romania,2323,10556
2004,Romania,2237,7783
2005,Romania,2720,13031
2006,Romania,2058,8777
2007,Romania,2180,6129
2008,Romania,2152,5401
2009,Romania,1773,5085
2010,Romania,1730,4581
2011,Romania,2158,4176
2012,Romania,1620,3672
2013,Romania,2217,3784
2014,Romania,2874,2975
2015,Romania,3295,3113
2016,Romania,3156,3670
2000,Russia,1341610,1253385
2001,Russia,1139605,1063772
2002,Russia,971969,951490
2003,Russia,805818,796084
2004,Russia,664772,678321
2005,Russia,483097,494170
2006,Russia,452485,525672
2007,Russia,249404,352949
2008,Russia,147916,261753
2009,Russia,137447,253911
2010,Russia,132555,248896
2011,Russia,221763,342530
2012,Russia,191109,314419
2013,Russia,189979,287877
2014,Russia,354497,98371
2015,Russia,418417,94544
2016,Russia,322713,97757
2000,Rwanda,37216,169956
2001,Rwanda,36530,132025
2002,Rwanda,41550,124922
2003,Rwanda,39740,108644
2004,Rwanda,54059,83100
2005,Rwanda,64356,125998
2006,Rwanda,53752,107568
2007,Rwanda,56350,98711
2008,Rwanda,55463,90431
2009,Rwanda,57103,154518
2010,Rwanda,55690,136749
2011,Rwanda,55625,124613
2012,Rwanda,59781,119014
2013,Rwanda,73687,104242
2014,Rwanda,74337,100081
2015,Rwanda,146130,308170
2016,Rwanda,158142,309816
2000,Saint Kitts and Nevis,0,4
2001,Saint Kitts and Nevis,0,2
2002,Saint Kitts and Nevis,0,7
2003,Saint Kitts and Nevis,0,5
2004,Saint Kitts and Nevis,0,2
2005,Saint Kitts and Nevis,0,32
2006,Saint Kitts and Nevis,0,6
2007,Saint Kitts and Nevis,0,10
2008,Saint Kitts and Nevis,0,12
2009,Saint Kitts and Nevis,0,17
2010,Saint Kitts and Nevis,0,20
2011,Saint Kitts and Nevis,0,24
2012,Saint Kitts and Nevis,1,36
2013,Saint Kitts and Nevis,2,41
2014,Saint Kitts and Nevis,2,35
2015,Saint Kitts and Nevis,0,48
2016,Saint Kitts and Nevis,0,61
2000,Saint Lucia,0,39
2001,Saint Lucia,0,78
2002,Saint Lucia,0,284
2003,Saint Lucia,0,290
2004,Saint Lucia,0,182
2005,Saint Lucia,0,300
2006,Saint Lucia,0,305
2007,Saint Lucia,3,406
2008,Saint Lucia,1,624
2009,Saint Lucia,4,912
2010,Saint Lucia,7,1018
2011,Saint Lucia,6,1114
2012,Saint Lucia,3,1082
2013,Saint Lucia,6,970
2014,Saint Lucia,3,955
2015,Saint Lucia,2,1064
2016,Saint Lucia,0,1189
2000,Saint Vincent and the Grenadines,0,126
2001,Saint Vincent and the Grenadines,0,241
2002,Saint Vincent and the Grenadines,0,593
2003,Saint Vincent and the Grenadines,0,526
2004,Saint Vincent and the Grenadines,0,393
2005,Saint Vincent and the Grenadines,0,634
2006,Saint Vincent and the Grenadines,0,707
2007,Saint Vincent and the Grenadines,0,1150
2008,Saint Vincent and the Grenadines,0,1494
2009,Saint Vincent and the Grenadines,1,1922
2010,Saint Vincent and the Grenadines,0,1993
2011,Saint Vincent and the Grenadines,1,2033
2012,Saint Vincent and the Grenadines,0,1805
2013,Saint Vincent and the Grenadines,0,1761
2014,Saint Vincent and the Grenadines,0,1782
2015,Saint Vincent and the Grenadines,0,1865
2016,Saint Vincent and the Grenadines,0,1461
2000,Samoa,0,3
2001,Samoa,0,10
2002,Samoa,0,5
2003,Samoa,0,5
2004,Samoa,0,1
2005,Samoa,0,3
2006,Samoa,0,5
2007,Samoa,0,3
2008,Samoa,0,4
2009,Samoa,0,1
2010,Samoa,0,3
2011,Samoa,0,1
2012,Samoa,0,13
2013,Samoa,0,10
2014,Samoa,0,11
2015,Samoa,3,14
2016,Samoa,0,5
2000,Saudi Arabia,5548,129
2001,Saudi Arabia,245742,188
2002,Saudi Arabia,245522,220
2003,Saudi Arabia,245455,339
2004,Saudi Arabia,241215,301
2005,Saudi Arabia,310997,70222
2006,Saudi Arabia,311169,70671
2007,Saudi Arabia,311051,70797
2008,Saudi Arabia,310895,70751
2009,Saudi Arabia,70679,70690
2010,Saudi Arabia,70669,70747
2011,Saudi Arabia,70854,70857
2012,Saudi Arabia,71026,70968
2013,Saudi Arabia,70658,70806
2014,Saudi Arabia,70717,1033
2015,Saudi Arabia,70221,1286
2016,Saudi Arabia,70177,1880
2000,Senegal,23071,12022
2001,Senegal,23348,12259
2002,Senegal,22649,12875
2003,Senegal,23005,9193
2004,Senegal,23242,9885
2005,Senegal,23353,10521
2006,Senegal,23244,16406
2007,Senegal,23036,16801
2008,Senegal,42937,16827
2009,Senegal,36962,16938
2010,Senegal,24250,17802
2011,Senegal,24275,18659
2012,Senegal,22793,21387
2013,Senegal,16729,24529
2014,Senegal,17188,31918
2015,Senegal,17512,35591
2016,Senegal,17763,39297
2000,Serbia and Kosovo (S/RES/1244 (1999)),858334,672985
2001,Serbia and Kosovo (S/RES/1244 (1999)),851867,571104
2002,Serbia and Kosovo (S/RES/1244 (1999)),744159,704669
2003,Serbia and Kosovo (S/RES/1244 (1999)),650694,664636
2004,Serbia and Kosovo (S/RES/1244 (1999)),627555,595528
2005,Serbia and Kosovo (S/RES/1244 (1999)),486938,547763
2006,Serbia and Kosovo (S/RES/1244 (1999)),416764,513661
2007,Serbia and Kosovo (S/RES/1244 (1999)),327571,409175
2008,Serbia and Kosovo (S/RES/1244 (1999)),340929,456423
2009,Serbia and Kosovo (S/RES/1244 (1999)),329347,463475
2010,Serbia and Kosovo (S/RES/1244 (1999)),312627,447229
2011,Serbia and Kosovo (S/RES/1244 (1999)),309391,424706
2012,Serbia and Kosovo (S/RES/1244 (1999)),304567,415445
2013,Serbia and Kosovo (S/RES/1244 (1999)),291139,308195
2014,Serbia and Kosovo (S/RES/1244 (1999)),271476,316611
2015,Serbia and Kosovo (S/RES/1244 (1999)),258746,312812
2016,Serbia and Kosovo (S/RES/1244 (1999)),259104,278847
2000,Seychelles,0,35
2001,Seychelles,0,37
2002,Seychelles,0,72
2003,Seychelles,0,53
2004,Seychelles,0,54
2005,Seychelles,0,50
2006,Seychelles,0,69
2007,Seychelles,0,66
2008,Seychelles,0,69
2009,Seychelles,0,58
2010,Seychelles,0,53
2011,Seychelles,0,48
2012,Seychelles,0,30
2013,Seychelles,0,31
2014,Seychelles,0,42
2015,Seychelles,0,42
2016,Seychelles,0,10
2000,Sierra Leone,507005,950606
2001,Sierra Leone,10775,280521
2002,Sierra Leone,63771,224928
2003,Sierra Leone,61335,110753
2004,Sierra Leone,80350,76205
2005,Sierra Leone,66344,46576
2006,Sierra Leone,60688,48636
2007,Sierra Leone,26361,37157
2008,Sierra Leone,9296,35480
2009,Sierra Leone,9328,23249
2010,Sierra Leone,8611,14543
2011,Sierra Leone,8232,11073
2012,Sierra Leone,5303,10135
2013,Sierra Leone,2881,9266
2014,Sierra Leone,1387,9688
2015,Sierra Leone,777,9888
2016,Sierra Leone,683,10739
2000,Singapore,0,40
2001,Singapore,4,35
2002,Singapore,4,60
2003,Singapore,3,58
2004,Singapore,4,53
2005,Singapore,4,67
2006,Singapore,11,124
2007,Singapore,34,135
2008,Singapore,10,125
2009,Singapore,7,93
2010,Singapore,7,89
2011,Singapore,3,90
2012,Singapore,3,98
2013,Singapore,3,99
2014,Singapore,5,97
2015,Singapore,1,104
2016,Singapore,0,81
2000,Slovakia,853,1018
2001,Slovakia,3642,863
2002,Slovakia,4953,1301
2003,Slovakia,5079,1067
2004,Slovakia,3334,837
2005,Slovakia,3075,994
2006,Slovakia,3019,1023
2007,Slovakia,1774,1357
2008,Slovakia,1536,1374
2009,Slovakia,1628,1598
2010,Slovakia,1639,1496
2011,Slovakia,840,873
2012,Slovakia,2448,2393
2013,Slovakia,2562,2243
2014,Slovakia,2673,646
2015,Slovakia,2604,874
2016,Slovakia,2557,1372
2000,Slovenia,16931,3306
2001,Slovenia,8002,792
2002,Slovenia,2450,893
2003,Slovenia,3818,638
2004,Slovenia,1413,1179
2005,Slovenia,1151,621
2006,Slovenia,4872,5866
2007,Slovenia,4484,4153
2008,Slovenia,4491,4154
2009,Slovenia,4511,4148
2010,Slovenia,4554,4144
2011,Slovenia,262,40
2012,Slovenia,311,51
2013,Slovenia,249,48
2014,Slovenia,349,33
2015,Slovenia,403,36
2016,Slovenia,728,27
2000,Solomon Islands,0,57
2001,Solomon Islands,0,55
2002,Solomon Islands,0,58
2003,Solomon Islands,0,71
2004,Solomon Islands,0,71
2005,Solomon Islands,0,38
2006,Solomon Islands,0,65
2007,Solomon Islands,0,70
2008,Solomon Islands,0,52
2009,Solomon Islands,0,66
2010,Solomon Islands,0,75
2011,Solomon Islands,0,76
2012,Solomon Islands,3,68
2013,Solomon Islands,3,72
2014,Solomon Islands,3,91
2015,Solomon Islands,3,108
2016,Solomon Islands,0,145
2000,Somalia,18584,553581
2001,Somalia,649,509664
2002,Somalia,567,480326
2003,Somalia,565,429384
2004,Somalia,691,429908
2005,Somalia,400591,839997
2006,Somalia,401890,889903
2007,Somalia,1009610,1476006
2008,Somalia,1288288,1860374
2009,Somalia,1576483,2249454
2010,Somalia,1489828,2256807
2011,Somalia,1364971,2465413
2012,Somalia,1154047,2313646
2013,Somalia,1250084,2432288
2014,Somalia,1157804,2306072
2015,Somalia,1156287,2351000
2016,Somalia,1587020,2671654
2000,South Africa,30221,280
2001,South Africa,30033,310
2002,South Africa,75839,463
2003,South Africa,110709,570
2004,South Africa,142984,820
2005,South Africa,169909,433
2006,South Africa,166272,674
2007,South Africa,207670,593
2008,South Africa,270958,604
2009,South Africa,357811,554
2010,South Africa,229735,594
2011,South Africa,277304,643
2012,South Africa,295700,657
2013,South Africa,303344,785
2014,South Africa,576171,964
2015,South Africa,1217726,1304
2016,South Africa,309245,1369
2000,South Sudan,0,0
2001,South Sudan,0,0
2002,South Sudan,0,0
2003,South Sudan,0,0
2004,South Sudan,0,0
2005,South Sudan,0,0
2006,South Sudan,0,0
2007,South Sudan,0,0
2008,South Sudan,0,0
2009,South Sudan,0,0
2010,South Sudan,0,0
2011,South Sudan,665272,561074
2012,South Sudan,548286,453598
2013,South Sudan,560728,476646
2014,South Sudan,2096686,2465460
2015,South Sudan,2056299,2573451
2016,South Sudan,2883694,4048512
2000,Spain,7043,104
2001,Spain,6806,66
2002,Spain,6794,86
2003,Spain,5914,93
2004,Spain,5703,94
2005,Spain,5401,94
2006,Spain,5311,2484
2007,Spain,5167,76
2008,Spain,4691,76
2009,Spain,7281,115
2010,Spain,6563,143
2011,Spain,6935,165
2012,Spain,7337,178
2013,Spain,9251,401
2014,Spain,13593,135
2015,Spain,17917,147
2016,Spain,34314,148
2000,Sri Lanka,706554,837201
2001,Sri Lanka,731885,860873
2002,Sri Lanka,731879,871449
2003,Sri Lanka,462865,592821
2004,Sri Lanka,386216,513322
2005,Sri Lanka,352111,466961
2006,Sri Lanka,558867,680640
2007,Sri Lanka,618552,761099
2008,Sri Lanka,526262,672148
2009,Sri Lanka,530089,684276
2010,Sri Lanka,435264,589639
2011,Sri Lanka,283370,432205
2012,Sri Lanka,138466,286337
2013,Sri Lanka,84634,223051
2014,Sri Lanka,32668,170993
2015,Sri Lanka,54440,190155
2016,Sri Lanka,53343,185863
2000,Sudan,471054,513744
2001,Sudan,391360,514961
2002,Sudan,371016,523276
2003,Sudan,170418,613059
2004,Sudan,855554,1405202
2005,Sudan,1029748,1567581
2006,Sudan,1580819,2082407
2007,Sudan,1564884,2007976
2008,Sudan,1409700,1749986
2009,Sudan,1394167,1619296
2010,Sudan,1951521,2185171
2011,Sudan,2848173,3283398
2012,Sudan,2130665,2574830
2013,Sudan,2071296,2587056
2014,Sudan,2485690,2909808
2015,Sudan,3696478,4080416
2016,Sudan,2666814,2960319
2000,Suriname,0,386
2001,Suriname,0,291
2002,Suriname,0,149
2003,Suriname,0,107
2004,Suriname,0,85
2005,Suriname,0,50
2006,Suriname,0,91
2007,Suriname,1,75
2008,Suriname,1,63
2009,Suriname,1,57
2010,Suriname,8,32
2011,Suriname,3,28
2012,Suriname,3,34
2013,Suriname,0,38
2014,Suriname,2,64
2015,Suriname,5,69
2016,Suriname,38,36
2000,Swaziland,690,20
2001,Swaziland,1052,19
2002,Swaziland,1021,24
2003,Swaziland,1015,16
2004,Swaziland,1010,23
2005,Swaziland,1016,18
2006,Swaziland,1010,27
2007,Swaziland,1042,91
2008,Swaziland,1221,131
2009,Swaziland,1374,88
2010,Swaziland,759,88
2011,Swaziland,760,178
2012,Swaziland,927,230
2013,Swaziland,1045,257
2014,Swaziland,799,308
2015,Swaziland,967,390
2016,Swaziland,1082,364
2000,Sweden,169453,23
2001,Sweden,164478,14
2002,Sweden,178113,44
2003,Sweden,149500,56
2004,Sweden,102017,37
2005,Sweden,96402,5384
2006,Sweden,103442,5605
2007,Sweden,108484,5594
2008,Sweden,107730,6272
2009,Sweden,110374,7792
2010,Sweden,110809,9397
2011,Sweden,117399,10390
2012,Sweden,127871,9656
2013,Sweden,163999,20475
2014,Sweden,226168,28
2015,Sweden,357629,33
2016,Sweden,349149,19
2000,Switzerland,111986,71
2001,Switzerland,85536,62
2002,Switzerland,83710,61
2003,Switzerland,76175,37
2004,Switzerland,67327,38
2005,Switzerland,63448,46
2006,Switzerland,61764,191
2007,Switzerland,56831,115
2008,Switzerland,63539,113
2009,Switzerland,63686,90
2010,Switzerland,61856,82
2011,Switzerland,67426,76
2012,Switzerland,72532,91
2013,Switzerland,74678,94
2014,Switzerland,83636,21
2015,Switzerland,106148,21
2016,Switzerland,113417,9
2000,Syria,6117,9607
2001,Syria,4179,8733
2002,Syria,3909,23189
2003,Syria,10027,24371
2004,Syria,316429,325386
2005,Syria,327988,323424
2006,Syria,1007423,319854
2007,Syria,1854653,320582
2008,Syria,1412103,321208
2009,Syria,1375763,323484
2010,Syria,1308112,328216
2011,Syria,1016511,279497
2012,Syria,2773166,3068018
2013,Syria,6878441,9340330
2014,Syria,7949617,11606526
2015,Syria,6754318,11690998
2016,Syria,7131870,12642995
2000,Tajikistan,15597,62085
2001,Tajikistan,15725,58854
2002,Tajikistan,15621,64919
2003,Tajikistan,3889,59413
2004,Tajikistan,2357,57015
2005,Tajikistan,1065,54942
2006,Tajikistan,1405,2223
2007,Tajikistan,1554,1248
2008,Tajikistan,2109,943
2009,Tajikistan,6838,3457
2010,Tajikistan,7125,3208
2011,Tajikistan,7702,3295
2012,Tajikistan,6693,3421
2013,Tajikistan,5724,2630
2014,Tajikistan,3643,1684
2015,Tajikistan,21881,2250
2016,Tajikistan,20271,4092
2000,Thailand,105351,359
2001,Thailand,111059,252
2002,Thailand,113669,597
2003,Thailand,121715,450
2004,Thailand,122188,413
2005,Thailand,149352,650
2006,Thailand,151831,3534
2007,Thailand,139132,2696
2008,Thailand,3625512,3502232
2009,Thailand,3615553,3500903
2010,Thailand,649430,543089
2011,Thailand,608807,506753
2012,Thailand,605256,506755
2013,Thailand,650627,506593
2014,Thailand,644761,648
2015,Thailand,560852,1059
2016,Thailand,599485,1086
2000,The former Yugoslav Republic of Macedonia,21190,2680
2001,The former Yugoslav Republic of Macedonia,83446,175559
2002,The former Yugoslav Republic of Macedonia,22470,33970
2003,The former Yugoslav Republic of Macedonia,9438,16115
2004,The former Yugoslav Republic of Macedonia,8093,12289
2005,The former Yugoslav Republic of Macedonia,4448,11506
2006,The former Yugoslav Republic of Macedonia,2761,10479
2007,The former Yugoslav Republic of Macedonia,2467,9724
2008,The former Yugoslav Republic of Macedonia,2893,9656
2009,The former Yugoslav Republic of Macedonia,3615,10712
2010,The former Yugoslav Republic of Macedonia,3290,12313
2011,The former Yugoslav Republic of Macedonia,2921,11103
2012,The former Yugoslav Republic of Macedonia,2541,13187
2013,The former Yugoslav Republic of Macedonia,2977,9145
2014,The former Yugoslav Republic of Macedonia,3259,9752
2015,The former Yugoslav Republic of Macedonia,1557,16395
2016,The former Yugoslav Republic of Macedonia,1293,8588
2000,Timor-Leste,5000,175760
2001,Timor-Leste,8,91246
2002,Timor-Leste,5,60492
2003,Timor-Leste,467,969
2004,Timor-Leste,13,666
2005,Timor-Leste,13,254
2006,Timor-Leste,166964,167218
2007,Timor-Leste,72595,72598
2008,Timor-Leste,15877,15869
2009,Timor-Leste,11,7
2010,Timor-Leste,5,9
2011,Timor-Leste,2,9
2012,Timor-Leste,1,16
2013,Timor-Leste,2,19
2014,Timor-Leste,6,23
2015,Timor-Leste,6,27
2016,Timor-Leste,0,14
2000,Togo,12302,5297
2001,Togo,12335,6326
2002,Togo,12418,13234
2003,Togo,12738,16352
2004,Togo,11685,16399
2005,Togo,18719,67589
2006,Togo,9788,44843
2007,Togo,1469,27219
2008,Togo,9833,22679
2009,Togo,8695,19632
2010,Togo,14207,19391
2011,Togo,19716,20935
2012,Togo,24411,18816
2013,Togo,21706,11960
2014,Togo,22588,11018
2015,Togo,22806,10941
2016,Togo,13294,10900
2000,Tonga,0,23
2001,Tonga,0,49
2002,Tonga,0,74
2003,Tonga,0,52
2004,Tonga,0,18
2005,Tonga,0,14
2006,Tonga,0,23
2007,Tonga,0,23
2008,Tonga,0,33
2009,Tonga,0,30
2010,Tonga,3,16
2011,Tonga,3,32
2012,Tonga,3,52
2013,Tonga,3,81
2014,Tonga,0,105
2015,Tonga,0,86
2016,Tonga,0,103
2000,Trinidad and Tobago,0,141
2001,Trinidad and Tobago,0,195
2002,Trinidad and Tobago,0,356
2003,Trinidad and Tobago,0,327
2004,Trinidad and Tobago,0,213
2005,Trinidad and Tobago,0,272
2006,Trinidad and Tobago,0,311
2007,Trinidad and Tobago,125,386
2008,Trinidad and Tobago,132,470
2009,Trinidad and Tobago,233,512
2010,Trinidad and Tobago,131,401
2011,Trinidad and Tobago,42,402
2012,Trinidad and Tobago,25,425
2013,Trinidad and Tobago,62,464
2014,Trinidad and Tobago,170,544
2015,Trinidad and Tobago,201,569
2016,Trinidad and Tobago,290,537
2000,Tunisia,449,1570
2001,Tunisia,115,1764
2002,Tunisia,113,2976
2003,Tunisia,106,2948
2004,Tunisia,102,2862
2005,Tunisia,113,3494
2006,Tunisia,162,3198
2007,Tunisia,155,2854
2008,Tunisia,147,2717
2009,Tunisia,128,2765
2010,Tunisia,115,2732
2011,Tunisia,153604,3570
2012,Tunisia,2831,4226
2013,Tunisia,1094,3162
2014,Tunisia,1152,3406
2015,Tunisia,758,3928
2016,Tunisia,666,3671
2000,Turkey,8566,57662
2001,Turkey,7681,60461
2002,Turkey,6113,206224
2003,Turkey,6143,193663
2004,Turkey,7065,179885
2005,Turkey,8705,181904
2006,Turkey,9184,239441
2007,Turkey,12452,231287
2008,Turkey,21740,225651
2009,Turkey,19739,158445
2010,Turkey,17833,155343
2011,Turkey,36000,147459
2012,Turkey,360733,145018
2013,Turkey,804372,77924
2014,Turkey,1694971,75462
2015,Turkey,2754540,71671
2016,Turkey,3116055,81128
2000,Turkmenistan,15104,350
2001,Turkmenistan,14857,354
2002,Turkmenistan,14093,931
2003,Turkmenistan,13678,1004
2004,Turkmenistan,13506,997
2005,Turkmenistan,12010,996
2006,Turkmenistan,760,848
2007,Turkmenistan,8644,9327
2008,Turkmenistan,8587,9352
2009,Turkmenistan,12066,12819
2010,Turkmenistan,20062,20804
2011,Turkmenistan,11062,11808
2012,Turkmenistan,8993,9802
2013,Turkmenistan,8365,9162
2014,Turkmenistan,7577,1243
2015,Turkmenistan,7158,1670
2016,Turkmenistan,5770,1395
2000,Turks and Caicos Islands,0,0
2001,Turks and Caicos Islands,0,0
2002,Turks and Caicos Islands,0,4
2003,Turks and Caicos Islands,0,4
2004,Turks and Caicos Islands,0,1
2005,Turks and Caicos Islands,0,2
2006,Turks and Caicos Islands,0,2
2007,Turks and Caicos Islands,0,1
2008,Turks and Caicos Islands,0,1
2009,Turks and Caicos Islands,0,1
2010,Turks and Caicos Islands,0,3
2011,Turks and Caicos Islands,0,20
2012,Turks and Caicos Islands,22,23
2013,Turks and Caicos Islands,10,20
2014,Turks and Caicos Islands,8,15
2015,Turks and Caicos Islands,4,15
2016,Turks and Caicos Islands,0,14
2000,Uganda,239367,33916
2001,Uganda,200395,41244
2002,Uganda,217887,42731
2003,Uganda,231808,42487
2004,Uganda,254968,35268
2005,Uganda,260701,38562
2006,Uganda,2169910,1914308
2007,Uganda,2126460,1839494
2008,Uganda,1694211,1466792
2009,Uganda,1054694,862551
2010,Uganda,594380,436040
2011,Uganda,298253,133283
2012,Uganda,251813,8719
2013,Uganda,295789,61952
2014,Uganda,606606,191987
2015,Uganda,699813,193954
2016,Uganda,1162693,191486
2000,Ukraine,264180,22459
2001,Ukraine,9742,32616
2002,Ukraine,17693,90140
2003,Ukraine,89068,97014
2004,Ukraine,84875,169999
2005,Ukraine,76860,156976
2006,Ukraine,73460,132202
2007,Ukraine,67290,87112
2008,Ukraine,64860,86673
2009,Ukraine,65904,82566
2010,Ukraine,46360,66724
2011,Ukraine,46625,66250
2012,Ukraine,42904,61467
2013,Ukraine,41720,40081
2014,Ukraine,867463,1076165
2015,Ukraine,1645013,1943792
2016,Ukraine,1845145,2066876
2000,United Arab Emirates,897,25
2001,United Arab Emirates,917,49
2002,United Arab Emirates,440,69
2003,United Arab Emirates,455,45
2004,United Arab Emirates,157,82
2005,United Arab Emirates,183,46
2006,United Arab Emirates,206,277
2007,United Arab Emirates,223,318
2008,United Arab Emirates,274,267
2009,United Arab Emirates,925,440
2010,United Arab Emirates,624,453
2011,United Arab Emirates,2007,500
2012,United Arab Emirates,2217,608
2013,United Arab Emirates,1515,156
2014,United Arab Emirates,1064,170
2015,United Arab Emirates,1253,204
2016,United Arab Emirates,1488,254
2000,United Kingdom,276534,184
2001,United Kingdom,273131,190
2002,United Kingdom,303793,241
2003,United Kingdom,301655,216
2004,United Kingdom,308977,191
2005,United Kingdom,316590,403
2006,United Kingdom,315032,428
2007,United Kingdom,311173,444
2008,United Kingdom,306288,418
2009,United Kingdom,282471,410
2010,United Kingdom,253259,404
2011,United Kingdom,211461,404
2012,United Kingdom,169764,406
2013,United Kingdom,151840,417
2014,United Kingdom,154371,227
2015,United Kingdom,169366,248
2016,United Kingdom,162413,178
2000,United Rep. of Tanzania,711014,1870
2001,United Rep. of Tanzania,700890,3199
2002,United Rep. of Tanzania,764312,3089
2003,United Rep. of Tanzania,734693,4290
2004,United Rep. of Tanzania,691415,5335
2005,United Rep. of Tanzania,630650,6799
2006,United Rep. of Tanzania,552184,1897
2007,United Rep. of Tanzania,503814,4176
2008,United Rep. of Tanzania,432993,4171
2009,United Rep. of Tanzania,305199,156458
2010,United Rep. of Tanzania,273802,163612
2011,United Rep. of Tanzania,294645,1722
2012,United Rep. of Tanzania,299064,1978
2013,United Rep. of Tanzania,265270,2067
2014,United Rep. of Tanzania,252400,1943
2015,United Rep. of Tanzania,382625,2427
2016,United Rep. of Tanzania,462363,1770
2000,United States,895481,269
2001,United States,911806,330
2002,United States,881262,618
2003,United States,803821,747
2004,United States,684633,724
2005,United States,549159,946
2006,United States,967821,1754
2007,United States,365163,3290
2008,United States,348844,3892
2009,United States,339955,3824
2010,United States,270943,3907
2011,United States,278300,4383
2012,United States,282132,4891
2013,United States,348967,5066
2014,United States,455056,5194
2015,United States,559372,5105
2016,United States,712731,548
2000,Uruguay,88,216
2001,Uruguay,91,355
2002,Uruguay,99,570
2003,Uruguay,100,600
2004,Uruguay,108,211
2005,Uruguay,130,173
2006,Uruguay,154,219
2007,Uruguay,180,229
2008,Uruguay,184,250
2009,Uruguay,216,250
2010,Uruguay,229,237
2011,Uruguay,225,231
2012,Uruguay,221,207
2013,Uruguay,245,171
2014,Uruguay,328,170
2015,Uruguay,380,153
2016,Uruguay,611,101
2000,Uzbekistan,39598,55653
2001,Uzbekistan,40923,11544
2002,Uzbekistan,46107,10874
2003,Uzbekistan,45770,9348
2004,Uzbekistan,45001,9059
2005,Uzbekistan,44542,9798
2006,Uzbekistan,1422,11267
2007,Uzbekistan,1060,7508
2008,Uzbekistan,842,8153
2009,Uzbekistan,556,8262
2010,Uzbekistan,313,10457
2011,Uzbekistan,214,14180
2012,Uzbekistan,176,13033
2013,Uzbekistan,141,6737
2014,Uzbekistan,86828,6875
2015,Uzbekistan,86810,6888
2016,Uzbekistan,86550,6796
2000,Vanuatu,0,2
2001,Vanuatu,0,1
2002,Vanuatu,0,0
2003,Vanuatu,0,0
2004,Vanuatu,0,0
2005,Vanuatu,0,0
2006,Vanuatu,0,0
2007,Vanuatu,1,0
2008,Vanuatu,5,0
2009,Vanuatu,4,2
2010,Vanuatu,4,3
2011,Vanuatu,2,3
2012,Vanuatu,2,1
2013,Vanuatu,3,1
2014,Vanuatu,1,1
2015,Vanuatu,1,2
2016,Vanuatu,0,0
2000,Venezuela,211,647
2001,Venezuela,370,801
2002,Venezuela,51077,1309
2003,Venezuela,28541,2617
2004,Venezuela,30507,3952
2005,Venezuela,206321,5422
2006,Venezuela,208474,6203
2007,Venezuela,210509,6858
2008,Venezuela,213097,7333
2009,Venezuela,215702,7801
2010,Venezuela,217406,7329
2011,Venezuela,219391,8150
2012,Venezuela,204560,8707
2013,Venezuela,205413,9552
2014,Venezuela,174027,12831
2015,Venezuela,175754,22548
2016,Venezuela,173071,52582
2000,Viet Nam,15945,372354
2001,Viet Nam,15945,358737
2002,Viet Nam,15945,377788
2003,Viet Nam,15360,366119
2004,Viet Nam,2360,352728
2005,Viet Nam,17357,375939
2006,Viet Nam,9557,383790
2007,Viet Nam,9557,336989
2008,Viet Nam,9557,337497
2009,Viet Nam,9557,347878
2010,Viet Nam,12128,350095
2011,Viet Nam,11190,349419
2012,Viet Nam,11500,349911
2013,Viet Nam,11000,327178
2014,Viet Nam,11000,316635
2015,Viet Nam,11000,317792
2016,Viet Nam,11000,333933
2000,Yemen,62366,2976
2001,Yemen,72382,2938
2002,Yemen,84963,2910
2003,Yemen,62512,2189
2004,Yemen,67666,1983
2005,Yemen,82783,1750
2006,Yemen,97219,1723
2007,Yemen,195438,78952
2008,Yemen,241329,102250
2009,Yemen,422588,252554
2010,Yemen,508578,318409
2011,Yemen,574698,356804
2012,Yemen,736584,496374
2013,Yemen,652061,403989
2014,Yemen,688285,425304
2015,Yemen,2835816,2558016
2016,Yemen,3280240,3033337
2000,Zambia,257165,221
2001,Zambia,285527,169
2002,Zambia,302003,269
2003,Zambia,270638,368
2004,Zambia,220551,506
2005,Zambia,185697,632
2006,Zambia,147227,271
2007,Zambia,123301,692
2008,Zambia,93665,690
2009,Zambia,76190,260
2010,Zambia,57869,286
2011,Zambia,49101,430
2012,Zambia,51509,505
2013,Zambia,54326,537
2014,Zambia,51856,617
2015,Zambia,52599,787
2016,Zambia,57213,536
2000,Zimbabwe,4195,318
2001,Zimbabwe,9472,2956
2002,Zimbabwe,9972,5191
2003,Zimbabwe,13277,10633
2004,Zimbabwe,6889,18982
2005,Zimbabwe,13975,28577
2006,Zimbabwe,3815,13997
2007,Zimbabwe,4529,48707
2008,Zimbabwe,4038,51639
2009,Zimbabwe,4640,23872
2010,Zimbabwe,4851,25285
2011,Zimbabwe,59667,116084
2012,Zimbabwe,62740,121800
2013,Zimbabwe,67108,121810
2014,Zimbabwe,9171,65097
2015,Zimbabwe,310593,78901
2016,Zimbabwe,10032,61458
